size,seed,algorithm,src,dst,step_budget,fuel_budget,reachable,steps,fuel,moves,time_ms
8,42,dfs,27,56,56,69,True,13,8,6,0.047667010221630335
8,42,bfs,27,56,56,69,True,11,7,5,0.24633301654830575
8,42,dijkstra,27,56,56,69,True,11,7,5,0.2459170063957572
8,42,gbfs,27,56,56,69,True,15,8,5,0.03420800203457475
8,42,astar,27,56,56,69,True,11,7,5,0.14174997340887785
8,43,dfs,0,46,18,24,True,18,11,8,0.2227919758297503
8,43,bfs,0,46,18,24,True,15,11,8,0.19075005548074841
8,43,dijkstra,0,46,18,24,True,15,11,8,0.1561670214869082
8,43,gbfs,0,46,18,24,True,17,12,8,0.04287500632926822
8,43,astar,0,46,18,24,True,15,11,8,0.12608303222805262
8,44,dfs,46,29,42,64,True,19,17,12,0.058375007938593626
8,44,bfs,46,29,42,64,True,4,2,2,0.02679100725799799
8,44,dijkstra,46,29,42,64,True,4,2,2,0.03450002986937761
8,44,gbfs,46,29,42,64,True,4,2,2,0.014833000022917986
8,44,astar,46,29,42,64,True,4,2,2,0.029125018045306206
8,45,dfs,12,25,33,35,True,12,7,5,1.1772500001825392
8,45,bfs,12,25,33,35,True,8,7,4,0.16129197319969535
8,45,dijkstra,12,25,33,35,True,8,7,4,0.1562500256113708
8,45,gbfs,12,25,33,35,True,8,7,4,0.02762500662356615
8,45,astar,12,25,33,35,True,8,7,4,0.09316700743511319
8,46,dfs,36,7,20,57,True,20,10,8,0.4018330364488065
8,46,bfs,36,7,20,57,True,10,5,5,0.20533299539238214
8,46,dijkstra,36,7,20,57,True,10,5,5,0.2186669735237956
8,46,gbfs,36,7,20,57,True,10,5,5,0.030583003535866737
8,46,astar,36,7,20,57,True,10,5,5,0.09812501957640052
8,47,dfs,38,50,38,70,True,24,14,11,0.06629101699218154
8,47,bfs,38,50,38,70,True,10,6,5,0.11662498582154512
8,47,dijkstra,38,50,38,70,True,10,6,5,0.11912500485777855
8,47,gbfs,38,50,38,70,True,13,7,6,0.02820900408551097
8,47,astar,38,50,38,70,True,10,6,5,0.08404202526435256
8,48,dfs,9,34,51,75,True,40,24,19,0.07700000423938036
8,48,bfs,9,34,51,75,True,8,4,3,0.07337500574067235
8,48,dijkstra,9,34,51,75,True,6,6,4,0.09208300616592169
8,48,gbfs,9,34,51,75,True,8,4,3,0.022292020730674267
8,48,astar,9,34,51,75,True,6,6,4,0.05966605385765433
8,49,dfs,60,18,20,52,True,16,13,8,0.03979098983108997
8,49,bfs,60,18,20,52,True,11,10,6,0.15637499745935202
8,49,dijkstra,60,18,20,52,True,11,10,6,0.14720804756507277
8,49,gbfs,60,18,20,52,True,11,10,6,0.03587495302781463
8,49,astar,60,18,20,52,True,11,10,6,0.079624995123595
8,50,dfs,43,58,47,107,True,11,7,5,0.02358300844207406
8,50,bfs,43,58,47,107,True,6,3,3,0.08999998681247234
8,50,dijkstra,43,58,47,107,True,6,3,3,0.08983397856354713
8,50,gbfs,43,58,47,107,True,6,3,3,0.01837499439716339
8,50,astar,43,58,47,107,True,6,3,3,0.036416982766240835
8,51,dfs,53,6,31,83,True,27,16,13,0.49229199066758156
8,51,bfs,53,6,31,83,True,14,8,6,0.16499997582286596
8,51,dijkstra,53,6,31,83,True,14,8,6,0.16799999866634607
8,51,gbfs,53,6,31,83,True,14,8,6,0.037999998312443495
8,51,astar,53,6,31,83,True,14,8,6,0.1299590221606195
8,52,dfs,48,26,33,53,True,33,19,14,0.18112501129508018
8,52,bfs,48,26,33,53,True,6,3,3,0.03549997927621007
8,52,dijkstra,48,26,33,53,True,6,3,3,0.03762502456083894
8,52,gbfs,48,26,33,53,True,6,3,3,0.018082966562360525
8,52,astar,48,26,33,53,True,6,3,3,0.03358302637934685
8,53,dfs,56,44,55,101,True,45,26,19,0.10458397446200252
8,53,bfs,56,44,55,101,True,9,6,5,0.06308400770649314
8,53,dijkstra,56,44,55,101,True,9,6,5,0.059583981055766344
8,53,gbfs,56,44,55,101,True,9,6,5,0.02345896791666746
8,53,astar,56,44,55,101,True,9,6,5,0.03933301195502281
8,54,dfs,24,4,24,52,True,24,15,12,0.18570799147710204
8,54,bfs,24,4,24,52,True,12,6,6,0.11162500595673919
8,54,dijkstra,24,4,24,52,True,12,6,6,0.11812499724328518
8,54,gbfs,24,4,24,52,True,12,7,6,0.029082992114126682
8,54,astar,24,4,24,52,True,12,6,6,0.08099997648969293
8,55,dfs,0,59,21,26,True,19,13,9,0.034750031773000956
8,55,bfs,0,59,21,26,True,16,9,7,0.2198339789174497
8,55,dijkstra,0,59,21,26,True,15,10,8,0.2507089520804584
8,55,gbfs,0,59,21,26,True,18,9,7,0.04020897904410958
8,55,astar,0,59,21,26,True,15,10,8,0.17437501810491085
8,56,dfs,11,50,51,80,True,23,14,10,1.2414579978212714
8,56,bfs,11,50,51,80,True,10,5,5,0.16504095401614904
8,56,dijkstra,11,50,51,80,True,10,5,5,0.16645900905132294
8,56,gbfs,11,50,51,80,True,12,7,5,0.03154197474941611
8,56,astar,11,50,51,80,True,10,5,5,0.09554100688546896
8,57,dfs,13,46,18,48,True,8,5,4,0.20750000840052962
8,57,bfs,13,46,18,48,True,8,5,4,0.07462501525878906
8,57,dijkstra,13,46,18,48,True,8,5,4,0.08158298442140222
8,57,gbfs,13,46,18,48,True,8,5,4,0.02395902993157506
8,57,astar,13,46,18,48,True,8,5,4,0.04875002196058631
8,58,dfs,16,48,53,104,True,9,5,4,0.017415964975953102
8,58,bfs,16,48,53,104,True,8,4,4,0.12916699051856995
8,58,dijkstra,16,48,53,104,True,8,4,4,0.13637501979246736
8,58,gbfs,16,48,53,104,True,8,4,4,0.026917026843875647
8,58,astar,16,48,53,104,True,8,4,4,0.07095799082890153
8,59,dfs,44,19,30,73,True,18,11,8,0.25579100474715233
8,59,bfs,44,19,30,73,True,6,3,3,0.06850005593150854
8,59,dijkstra,44,19,30,73,True,6,3,3,0.07216603262349963
8,59,gbfs,44,19,30,73,True,6,3,3,0.020041014067828655
8,59,astar,44,19,30,73,True,6,3,3,0.04704197635874152
8,60,dfs,7,8,35,77,True,19,11,8,0.03008398925885558
8,60,bfs,7,8,35,77,True,18,9,8,0.25358301354572177
8,60,dijkstra,7,8,35,77,True,17,11,9,0.28308300534263253
8,60,gbfs,7,8,35,77,True,18,9,8,0.046083005145192146
8,60,astar,7,8,35,77,True,17,11,9,0.19599997904151678
8,61,dfs,30,63,47,50,True,34,20,16,0.06645795656368136
8,61,bfs,30,63,47,50,True,8,4,4,0.11704204371199012
8,61,dijkstra,30,63,47,50,True,8,4,4,0.12283300748094916
8,61,gbfs,30,63,47,50,True,8,4,4,0.027582980692386627
8,61,astar,30,63,47,50,True,8,4,4,0.06912497337907553
8,62,dfs,31,34,52,75,True,12,7,5,0.09612500434741378
8,62,bfs,31,34,52,75,True,10,8,5,0.14295801520347595
8,62,dijkstra,31,34,52,75,True,10,8,5,0.14000001829117537
8,62,gbfs,31,34,52,75,True,10,8,5,0.031832954846322536
8,62,astar,31,34,52,75,True,10,8,5,0.10216602822765708
8,63,dfs,51,53,44,55,True,23,15,11,0.04675000673159957
8,63,bfs,51,53,44,55,True,4,2,2,0.0547909876331687
8,63,dijkstra,51,53,44,55,True,4,2,2,0.058375007938593626
8,63,gbfs,51,53,44,55,True,4,2,2,0.013249984476715326
8,63,astar,51,53,44,55,True,4,2,2,0.026541994884610176
8,64,dfs,46,17,46,80,True,14,8,7,0.3471249947324395
8,64,bfs,46,17,46,80,True,14,7,6,0.16604200936853886
8,64,dijkstra,46,17,46,80,True,14,7,6,0.1741249579936266
8,64,gbfs,46,17,46,80,True,17,9,6,0.037041958421468735
8,64,astar,46,17,46,80,True,14,7,6,0.16620801761746407
8,65,dfs,6,1,42,100,True,22,13,10,0.6459580035880208
8,65,bfs,6,1,42,100,True,15,9,7,0.17324998043477535
8,65,dijkstra,6,1,42,100,True,15,9,7,0.13966701226308942
8,65,gbfs,6,1,42,100,True,15,9,7,0.03833399387076497
8,65,astar,6,1,42,100,True,15,9,7,0.09599997429177165
8,66,dfs,61,42,20,55,True,17,10,7,0.032750016544014215
8,66,bfs,61,42,20,55,True,8,6,4,0.09058305295184255
8,66,dijkstra,61,42,20,55,True,8,6,4,0.09466701885685325
8,66,gbfs,61,42,20,55,True,8,6,4,0.024291977752000093
8,66,astar,61,42,20,55,True,8,6,4,0.0659999786876142
8,67,dfs,36,45,20,37,True,2,1,1,0.6189589621499181
8,67,bfs,36,45,20,37,True,2,1,1,0.01391698606312275
8,67,dijkstra,36,45,20,37,True,2,1,1,0.014749995898455381
8,67,gbfs,36,45,20,37,True,2,1,1,0.008417002391070127
8,67,astar,36,45,20,37,True,2,1,1,0.010124989785254002
8,68,dfs,45,26,63,94,True,48,26,21,0.08387502748519182
8,68,bfs,45,26,63,94,True,8,4,4,0.12658402556553483
8,68,dijkstra,45,26,63,94,True,8,4,4,0.13929198030382395
8,68,gbfs,45,26,63,94,True,8,4,4,0.026708003133535385
8,68,astar,45,26,63,94,True,8,4,4,0.07799995364621282
8,69,dfs,50,11,59,118,True,41,27,19,0.17320900224149227
8,69,bfs,50,11,59,118,True,10,5,5,0.14937494415789843
8,69,dijkstra,50,11,59,118,True,10,5,5,0.1533749746158719
8,69,gbfs,50,11,59,118,True,13,7,5,0.03108399687334895
8,69,astar,50,11,59,118,True,10,5,5,0.0939579913392663
8,70,dfs,32,19,23,66,True,23,12,10,0.09175000013783574
8,70,bfs,32,19,23,66,True,9,6,5,0.09883299935609102
8,70,dijkstra,32,19,23,66,True,9,6,5,0.08208403596654534
8,70,gbfs,32,19,23,66,True,9,6,5,0.025083019863814116
8,70,astar,32,19,23,66,True,9,6,5,0.05108298500999808
8,71,dfs,43,11,36,61,True,35,26,17,0.29129203176125884
8,71,bfs,43,11,36,61,True,8,5,4,0.15720800729468465
8,71,dijkstra,43,11,36,61,True,6,7,4,0.15124998753890395
8,71,gbfs,43,11,36,61,True,9,5,4,0.028541020583361387
8,71,astar,43,11,36,61,True,6,7,4,0.06570795085281134
8,72,dfs,2,24,20,54,True,12,6,5,0.020832987502217293
8,72,bfs,2,24,20,54,True,7,5,4,0.12045801850035787
8,72,dijkstra,2,24,20,54,True,7,5,4,0.0902090105228126
8,72,gbfs,2,24,20,54,True,9,6,4,0.026999972760677338
8,72,astar,2,24,20,54,True,7,5,4,0.05466700531542301
8,73,dfs,4,7,33,42,True,33,25,18,0.48533297376707196
8,73,bfs,4,7,33,42,True,6,3,3,0.04962499951943755
8,73,dijkstra,4,7,33,42,True,6,3,3,0.06033299723640084
8,73,gbfs,4,7,33,42,True,6,3,3,0.017290993127971888
8,73,astar,4,7,33,42,True,6,3,3,0.03616698086261749
8,74,dfs,59,19,55,70,True,31,27,17,0.19645900465548038
8,74,bfs,59,19,55,70,True,10,5,5,0.15466701006516814
8,74,dijkstra,59,19,55,70,True,9,6,5,0.14870800077915192
8,74,gbfs,59,19,55,70,True,10,7,5,0.03520800964906812
8,74,astar,59,19,55,70,True,9,6,5,0.11183402966707945
8,75,dfs,7,33,44,130,True,27,17,12,0.6911669624969363
8,75,bfs,7,33,44,130,True,17,11,8,0.22391596576198936
8,75,dijkstra,7,33,44,130,True,17,11,8,0.22183399414643645
8,75,gbfs,7,33,44,130,True,21,13,9,0.051540962886065245
8,75,astar,7,33,44,130,True,17,11,8,0.17212500097230077
8,76,dfs,49,9,39,69,True,39,25,20,0.23274996783584356
8,76,bfs,49,9,39,69,True,10,6,5,0.1492499723099172
8,76,dijkstra,49,9,39,69,True,9,7,5,0.15912501839920878
8,76,gbfs,49,9,39,69,True,10,6,5,0.0315000070258975
8,76,astar,49,9,39,69,True,9,7,5,0.11499994434416294
8,77,dfs,57,53,32,46,True,12,6,5,0.02212502295151353
8,77,bfs,57,53,32,46,True,12,6,5,0.11091597843915224
8,77,dijkstra,57,53,32,46,True,12,6,5,0.13641698751598597
8,77,gbfs,57,53,32,46,True,14,7,5,0.030750001315027475
8,77,astar,57,53,32,46,True,12,6,5,0.08458399679511786
8,78,dfs,22,24,28,75,True,14,8,7,0.03433396341279149
8,78,bfs,22,24,28,75,True,14,8,7,0.226540956646204
8,78,dijkstra,22,24,28,75,True,14,8,7,0.22737501421943307
8,78,gbfs,22,24,28,75,True,14,8,7,0.04183303099125624
8,78,astar,22,24,28,75,True,14,8,7,0.1427909592166543
8,79,dfs,45,9,25,40,True,24,16,12,0.10825000936165452
8,79,bfs,45,9,25,40,True,11,7,6,0.17070904141291976
8,79,dijkstra,45,9,25,40,True,11,7,6,0.17962499987334013
8,79,gbfs,45,9,25,40,True,11,7,6,0.03779103280976415
8,79,astar,45,9,25,40,True,11,7,6,0.12220896314829588
8,80,dfs,55,41,33,84,True,14,8,7,0.02783298259600997
8,80,bfs,55,41,33,84,True,14,8,7,0.17425004625692964
8,80,dijkstra,55,41,33,84,True,14,8,7,0.181332987267524
8,80,gbfs,55,41,33,84,True,14,8,7,0.03858399577438831
8,80,astar,55,41,33,84,True,14,8,7,0.10949996067211032
8,81,dfs,62,3,48,68,True,39,25,18,0.17379102064296603
8,81,bfs,62,3,48,68,True,18,10,8,0.16900000628083944
8,81,dijkstra,62,3,48,68,True,18,9,9,0.22041599731892347
8,81,gbfs,62,3,48,68,True,19,10,8,0.03925000783056021
8,81,astar,62,3,48,68,True,18,9,9,0.16987498383969069
8,82,dfs,51,47,25,35,True,23,14,12,0.060125021263957024
8,82,bfs,51,47,25,35,True,7,5,4,0.17058395314961672
8,82,dijkstra,51,47,25,35,True,7,5,4,0.1528330030851066
8,82,gbfs,51,47,25,35,True,7,5,4,0.026291992980986834
8,82,astar,51,47,25,35,True,7,5,4,0.06937497528269887
8,83,dfs,27,54,47,95,True,18,12,9,0.3881250158883631
8,83,bfs,27,54,47,95,True,9,6,5,0.21787500008940697
8,83,dijkstra,27,54,47,95,True,8,7,5,0.2050000475719571
8,83,gbfs,27,54,47,95,True,10,7,5,0.032165960874408484
8,83,astar,27,54,47,95,True,8,7,5,0.10191701585426927
8,84,dfs,36,2,62,102,True,61,37,27,0.10587502038106322
8,84,bfs,36,2,62,102,True,8,5,4,0.15358300879597664
8,84,dijkstra,36,2,62,102,True,8,5,4,0.1659159897826612
8,84,gbfs,36,2,62,102,True,8,5,4,0.02841599052771926
8,84,astar,36,2,62,102,True,8,5,4,0.07412501145154238
8,85,dfs,56,32,28,42,True,27,16,11,0.24137500440701842
8,85,bfs,56,32,28,42,True,6,3,3,0.025540997739881277
8,85,dijkstra,56,32,28,42,True,6,3,3,0.026915979105979204
8,85,gbfs,56,32,28,42,True,6,3,3,0.013416982255876064
8,85,astar,56,32,28,42,True,6,3,3,0.028250040486454964
8,86,dfs,1,7,17,36,True,17,12,9,0.5796659970656037
8,86,bfs,1,7,17,36,True,17,9,8,0.17312500858679414
8,86,dijkstra,1,7,17,36,True,17,9,8,0.19220798276364803
8,86,gbfs,1,7,17,36,True,17,9,8,0.04366703797131777
8,86,astar,1,7,17,36,True,17,9,8,0.1437919563613832
8,87,dfs,21,7,25,70,True,24,14,10,0.48587500350549817
8,87,bfs,21,7,25,70,True,6,3,3,0.0720410025678575
8,87,dijkstra,21,7,25,70,True,6,3,3,0.0760419643484056
8,87,gbfs,21,7,25,70,True,6,3,3,0.019666040316224098
8,87,astar,21,7,25,70,True,6,3,3,0.048833026085048914
8,88,dfs,60,63,41,108,True,26,17,12,0.05183299072086811
8,88,bfs,60,63,41,108,True,5,4,3,0.0802499707788229
8,88,dijkstra,60,63,41,108,True,5,4,3,0.06912503158673644
8,88,gbfs,60,63,41,108,True,5,4,3,0.015874975360929966
8,88,astar,60,63,41,108,True,5,4,3,0.021667045075446367
8,89,dfs,10,59,21,43,True,21,11,9,0.036582991015166044
8,89,bfs,10,59,21,43,True,12,6,6,0.21341699175536633
8,89,dijkstra,10,59,21,43,True,12,6,6,0.22145896218717098
8,89,gbfs,10,59,21,43,True,12,6,6,0.03749999450519681
8,89,astar,10,59,21,43,True,12,6,6,0.16316602705046535
8,90,dfs,41,3,29,48,True,29,17,14,0.3629580023698509
8,90,bfs,41,3,29,48,True,13,7,6,0.1603750279173255
8,90,dijkstra,41,3,29,48,True,13,7,6,0.16950001008808613
8,90,gbfs,41,3,29,48,True,16,10,6,0.037416990380734205
8,90,astar,41,3,29,48,True,13,7,6,0.13129098806530237
8,91,dfs,6,27,21,49,True,21,13,11,0.06870797369629145
8,91,bfs,6,27,21,49,True,10,5,5,0.09479199070483446
8,91,dijkstra,6,27,21,49,True,10,5,5,0.10020803892984986
8,91,gbfs,6,27,21,49,True,12,7,5,0.029291026294231415
8,91,astar,6,27,21,49,True,10,5,5,0.06908300565555692
8,92,dfs,10,29,42,114,True,39,24,18,0.07650000043213367
8,92,bfs,10,29,42,114,True,8,4,4,0.10279199341312051
8,92,dijkstra,10,29,42,114,True,8,4,4,0.10674999793991446
8,92,gbfs,10,29,42,114,True,8,4,4,0.02624996704980731
8,92,astar,10,29,42,114,True,8,4,4,0.08012499893084168
8,93,dfs,10,41,47,61,True,10,7,5,2.171874977648258
8,93,bfs,10,41,47,61,True,7,5,4,0.14941702829673886
8,93,dijkstra,10,41,47,61,True,7,5,4,0.13158301590010524
8,93,gbfs,10,41,47,61,True,7,5,4,0.030583003535866737
8,93,astar,10,41,47,61,True,7,5,4,0.07687497418373823
8,94,dfs,14,48,50,89,True,21,16,10,0.044082989916205406
8,94,bfs,14,48,50,89,True,17,10,8,0.20020798547193408
8,94,dijkstra,14,48,50,89,True,17,10,8,0.20212499657645822
8,94,gbfs,14,48,50,89,True,19,10,8,0.050749978981912136
8,94,astar,14,48,50,89,True,17,10,8,0.18804101273417473
8,95,dfs,44,10,64,96,True,49,33,25,0.1449169940315187
8,95,bfs,44,10,64,96,True,7,5,4,0.14750001719221473
8,95,dijkstra,44,10,64,96,True,7,5,4,0.17329200636595488
8,95,gbfs,44,10,64,96,True,7,5,4,0.028958020266145468
8,95,astar,44,10,64,96,True,7,5,4,0.07562502287328243
8,96,dfs,14,49,39,41,True,25,15,11,0.18233299488201737
8,96,bfs,14,49,39,41,True,14,7,7,0.39012497290968895
8,96,dijkstra,14,49,39,41,True,14,7,7,0.2805829863063991
8,96,gbfs,14,49,39,41,True,16,8,7,0.050499977078288794
8,96,astar,14,49,39,41,True,14,7,7,0.24266599211841822
8,97,dfs,45,47,28,80,True,16,11,8,0.3635829780250788
8,97,bfs,45,47,28,80,True,3,3,2,0.11754198931157589
8,97,dijkstra,45,47,28,80,True,3,3,2,0.14183297753334045
8,97,gbfs,45,47,28,80,True,3,3,2,0.06874999962747097
8,97,astar,45,47,28,80,True,3,3,2,0.026915979105979204
8,98,dfs,33,56,38,98,True,11,6,4,0.03024999750778079
8,98,bfs,33,56,38,98,True,8,5,3,0.17633300740271807
8,98,dijkstra,33,56,38,98,True,8,5,3,0.1960420049726963
8,98,gbfs,33,56,38,98,True,8,5,3,0.02220895839855075
8,98,astar,33,56,38,98,True,8,5,3,0.10262499563395977
8,99,dfs,35,40,41,70,True,10,6,4,0.028166978154331446
8,99,bfs,35,40,41,70,True,8,4,4,0.23187499027699232
8,99,dijkstra,35,40,41,70,True,8,4,4,0.29666698537766933
8,99,gbfs,35,40,41,70,True,8,4,4,0.03045797348022461
8,99,astar,35,40,41,70,True,8,4,4,0.07137499051168561
8,100,dfs,53,28,25,47,True,24,18,11,0.052957970183342695
8,100,bfs,53,28,25,47,True,5,4,3,0.06587500683963299
8,100,dijkstra,53,28,25,47,True,5,4,3,0.12337503721937537
8,100,gbfs,53,28,25,47,True,5,4,3,0.02258300082758069
8,100,astar,53,28,25,47,True,5,4,3,0.07908296538516879
8,101,dfs,5,56,53,117,True,29,17,12,0.05191605305299163
8,101,bfs,5,56,53,117,True,16,12,9,0.35379204200580716
8,101,dijkstra,5,56,53,117,True,16,12,9,0.32416603062301874
8,101,gbfs,5,56,53,117,True,16,12,9,0.05783303640782833
8,101,astar,5,56,53,117,True,16,12,9,0.24216697784140706
8,102,dfs,33,55,25,60,True,24,13,10,0.04704197635874152
8,102,bfs,33,55,25,60,True,15,10,7,0.19533303566277027
8,102,dijkstra,33,55,25,60,True,15,10,7,0.20599999697878957
8,102,gbfs,33,55,25,60,True,16,11,7,0.046083005145192146
8,102,astar,33,55,25,60,True,15,10,7,0.18037500558421016
8,103,dfs,43,53,61,155,True,17,10,9,0.047124980483204126
8,103,bfs,43,53,61,155,True,6,3,3,0.12037501437589526
8,103,dijkstra,43,53,61,155,True,6,3,3,0.11625001206994057
8,103,gbfs,43,53,61,155,True,7,5,3,0.023999949917197227
8,103,astar,43,53,61,155,True,6,3,3,0.05829200381413102
8,104,dfs,60,27,17,18,True,16,10,8,0.1408749958500266
8,104,bfs,60,27,17,18,True,7,5,4,0.09991700062528253
8,104,dijkstra,60,27,17,18,True,7,5,4,0.10437500895932317
8,104,gbfs,60,27,17,18,True,7,5,4,0.02604199107736349
8,104,astar,60,27,17,18,True,7,5,4,0.0670420122332871
8,105,dfs,39,16,53,53,True,48,31,24,0.11666701175272465
8,105,bfs,39,16,53,53,True,16,8,8,0.23254100233316422
8,105,dijkstra,39,16,53,53,True,16,8,8,0.25983405066654086
8,105,gbfs,39,16,53,53,True,18,9,8,0.05358300404623151
8,105,astar,39,16,53,53,True,16,8,8,0.21508400095626712
8,106,dfs,18,1,61,163,True,58,35,26,0.1342500327154994
8,106,bfs,18,1,61,163,True,6,3,3,0.11629203800112009
8,106,dijkstra,18,1,61,163,True,6,3,3,0.11541700223460793
8,106,gbfs,18,1,61,163,True,7,4,3,0.017624988686293364
8,106,astar,18,1,61,163,True,6,3,3,0.04241603892296553
8,107,dfs,13,42,31,79,True,31,19,14,0.10670901974663138
8,107,bfs,13,42,31,79,True,11,7,5,0.15829200856387615
8,107,dijkstra,13,42,31,79,True,11,7,5,0.14108401956036687
8,107,gbfs,13,42,31,79,True,12,7,5,0.04066602559760213
8,107,astar,13,42,31,79,True,11,7,5,0.11812499724328518
8,108,dfs,61,38,24,29,True,16,10,8,0.16075000166893005
8,108,bfs,61,38,24,29,True,7,4,3,0.05204201443120837
8,108,dijkstra,61,38,24,29,True,7,4,3,0.07091701263561845
8,108,gbfs,61,38,24,29,True,7,4,3,0.019249971956014633
8,108,astar,61,38,24,29,True,7,4,3,0.04225003067404032
8,109,dfs,34,42,33,62,True,2,1,1,1.8865829915739596
8,109,bfs,34,42,33,62,True,2,1,1,0.02804095856845379
8,109,dijkstra,34,42,33,62,True,2,1,1,0.028500042390078306
8,109,gbfs,34,42,33,62,True,2,1,1,0.010833959095180035
8,109,astar,34,42,33,62,True,2,1,1,0.013125012628734112
8,110,dfs,40,59,40,109,True,7,5,4,0.01995800994336605
8,110,bfs,40,59,40,109,True,7,5,4,0.0831250217743218
8,110,dijkstra,40,59,40,109,True,7,5,4,0.06404198938980699
8,110,gbfs,40,59,40,109,True,10,5,4,0.02445897553116083
8,110,astar,40,59,40,109,True,7,5,4,0.04295801045373082
8,111,dfs,7,60,29,80,True,29,21,14,0.24575000861659646
8,111,bfs,7,60,29,80,True,17,9,8,0.16320799477398396
8,111,dijkstra,7,60,29,80,True,17,9,8,0.22308301413431764
8,111,gbfs,7,60,29,80,True,17,10,8,0.04637503297999501
8,111,astar,7,60,29,80,True,17,9,8,0.13625004794448614
8,112,dfs,37,45,46,130,True,2,1,1,1.0665839654393494
8,112,bfs,37,45,46,130,True,2,1,1,0.02237502485513687
8,112,dijkstra,37,45,46,130,True,2,1,1,0.02258300082758069
8,112,gbfs,37,45,46,130,True,2,1,1,0.01129199517890811
8,112,astar,37,45,46,130,True,2,1,1,0.014166987966746092
8,113,dfs,15,23,17,18,True,2,1,1,0.7411669939756393
8,113,bfs,15,23,17,18,True,2,1,1,0.01370901009067893
8,113,dijkstra,15,23,17,18,True,2,1,1,0.013791024684906006
8,113,gbfs,15,23,17,18,True,2,1,1,0.010500021744519472
8,113,astar,15,23,17,18,True,2,1,1,0.012792006600648165
8,114,dfs,10,23,31,71,True,31,19,16,0.21766696590930223
8,114,bfs,10,23,31,71,True,14,9,6,0.1759579754434526
8,114,dijkstra,10,23,31,71,True,14,9,6,0.2340000355616212
8,114,gbfs,10,23,31,71,True,14,9,6,0.1510829897597432
8,114,astar,10,23,31,71,True,14,9,6,0.2276250161230564
8,115,dfs,43,15,34,70,True,34,20,14,0.17254200065508485
8,115,bfs,43,15,34,70,True,14,9,7,0.2495420048944652
8,115,dijkstra,43,15,34,70,True,14,9,7,0.21050003124400973
8,115,gbfs,43,15,34,70,True,20,12,7,0.040958053432404995
8,115,astar,43,15,34,70,True,14,9,7,0.18112495308741927
8,116,dfs,56,13,63,79,True,60,40,27,0.13991701416671276
8,116,bfs,56,13,63,79,True,17,11,8,0.2425829879939556
8,116,dijkstra,56,13,63,79,True,16,13,9,0.25741703575477004
8,116,gbfs,56,13,63,79,True,18,12,8,0.044249987695366144
8,116,astar,56,13,63,79,True,16,13,9,0.16941700596362352
8,117,dfs,59,56,31,84,True,7,4,3,0.014625024050474167
8,117,bfs,59,56,31,84,True,7,4,3,0.07704197196289897
8,117,dijkstra,59,56,31,84,True,7,4,3,0.10670797200873494
8,117,gbfs,59,56,31,84,True,7,4,3,0.018250022549182177
8,117,astar,59,56,31,84,True,7,4,3,0.03458396531641483
8,118,dfs,23,47,61,73,True,48,29,21,0.0872919918037951
8,118,bfs,23,47,61,73,True,6,3,3,0.04720897413790226
8,118,dijkstra,23,47,61,73,True,6,3,3,0.04904199158772826
8,118,gbfs,23,47,61,73,True,6,4,3,0.016167003195732832
8,118,astar,23,47,61,73,True,6,3,3,0.05141703877598047
8,119,dfs,37,32,34,47,True,9,7,5,0.030208961106836796
8,119,bfs,37,32,34,47,True,9,7,5,0.22537499899044633
8,119,dijkstra,37,32,34,47,True,9,7,5,0.213916995562613
8,119,gbfs,37,32,34,47,True,9,7,5,0.03179104533046484
8,119,astar,37,32,34,47,True,9,7,5,0.08645799243822694
8,120,dfs,2,3,48,88,True,2,1,1,2.4640409974381328
8,120,bfs,2,3,48,88,True,2,1,1,0.007874972652643919
8,120,dijkstra,2,3,48,88,True,2,1,1,0.0071249669417738914
8,120,gbfs,2,3,48,88,True,2,1,1,0.008707982487976551
8,120,astar,2,3,48,88,True,2,1,1,0.012417032849043608
8,121,dfs,27,24,21,32,True,8,4,4,0.1590839819982648
8,121,bfs,27,24,21,32,True,7,5,4,0.16087503172457218
8,121,dijkstra,27,24,21,32,True,7,5,4,0.15666702529415488
8,121,gbfs,27,24,21,32,True,8,4,4,0.02500001573935151
8,121,astar,27,24,21,32,True,7,5,4,0.08849997539073229
8,122,dfs,58,50,48,57,True,2,1,1,2.704042010009289
8,122,bfs,58,50,48,57,True,2,1,1,0.011167023330926895
8,122,dijkstra,58,50,48,57,True,2,1,1,0.011165975593030453
8,122,gbfs,58,50,48,57,True,2,1,1,0.007374968845397234
8,122,astar,58,50,48,57,True,2,1,1,0.009624985978007317
8,123,dfs,12,33,19,36,True,15,11,7,0.0391670037060976
8,123,bfs,12,33,19,36,True,8,5,4,0.11624995386227965
8,123,dijkstra,12,33,19,36,True,8,5,4,0.11708296369761229
8,123,gbfs,12,33,19,36,True,8,5,4,0.026958005037158728
8,123,astar,12,33,19,36,True,8,5,4,0.0635419855825603
8,124,dfs,60,5,33,86,True,31,22,15,0.12095802230760455
8,124,bfs,60,5,33,86,True,16,10,7,0.24266698164865375
8,124,dijkstra,60,5,33,86,True,12,11,7,0.22124999668449163
8,124,gbfs,60,5,33,86,True,18,10,7,0.04325003828853369
8,124,astar,60,5,33,86,True,12,11,7,0.13474997831508517
8,125,dfs,38,28,31,50,True,7,4,3,0.47570798778906465
8,125,bfs,38,28,31,50,True,6,3,3,0.07183302659541368
8,125,dijkstra,38,28,31,50,True,6,3,3,0.07679202826693654
8,125,gbfs,38,28,31,50,True,6,3,3,0.020167033653706312
8,125,astar,38,28,31,50,True,6,3,3,0.04791602259501815
8,126,dfs,59,61,52,83,True,19,12,9,0.04112505121156573
8,126,bfs,59,61,52,83,True,8,5,3,0.04558300133794546
8,126,dijkstra,59,61,52,83,True,8,5,3,0.05324999801814556
8,126,gbfs,59,61,52,83,True,8,5,3,0.016208039596676826
8,126,astar,59,61,52,83,True,8,5,3,0.03225001273676753
8,127,dfs,55,9,18,24,True,18,12,9,0.2250840188935399
8,127,bfs,55,9,18,24,True,15,13,9,0.27079100254923105
8,127,dijkstra,55,9,18,24,True,15,13,9,0.25233300402760506
8,127,gbfs,55,9,18,24,True,15,13,9,0.05629198858514428
8,127,astar,55,9,18,24,True,15,13,9,0.16579200746491551
8,128,dfs,62,6,31,51,True,31,22,15,0.2885420108214021
8,128,bfs,62,6,31,51,True,16,8,7,0.18970901146531105
8,128,dijkstra,62,6,31,51,True,16,8,7,0.22245902800932527
8,128,gbfs,62,6,31,51,True,17,10,7,0.04316697595641017
8,128,astar,62,6,31,51,True,16,8,7,0.13400003081187606
8,129,dfs,23,29,53,157,True,5,4,3,0.016958045307546854
8,129,bfs,23,29,53,157,True,5,4,3,0.0819999841041863
8,129,dijkstra,23,29,53,157,True,5,4,3,0.08029199671000242
8,129,gbfs,23,29,53,157,True,6,5,3,0.0191659783013165
8,129,astar,23,29,53,157,True,5,4,3,0.04541699308902025
8,130,dfs,56,63,49,79,True,15,8,7,0.026708003133535385
8,130,bfs,56,63,49,79,True,15,8,7,0.20274997223168612
8,130,dijkstra,56,63,49,79,True,15,8,7,0.15587499365210533
8,130,gbfs,56,63,49,79,True,15,8,7,0.031000003218650818
8,130,astar,56,63,49,79,True,15,8,7,0.08895801147446036
8,131,dfs,2,9,36,108,True,4,2,2,2.7689170092344284
8,131,bfs,2,9,36,108,True,4,2,2,0.023667002096772194
8,131,dijkstra,2,9,36,108,True,4,2,2,0.015666999388486147
8,131,gbfs,2,9,36,108,True,6,3,2,0.012749980669468641
8,131,astar,2,9,36,108,True,4,2,2,0.021916988771408796
8,132,dfs,61,60,42,57,True,2,1,1,0.008790986612439156
8,132,bfs,61,60,42,57,True,2,1,1,0.012750038877129555
8,132,dijkstra,61,60,42,57,True,2,1,1,0.013167038559913635
8,132,gbfs,61,60,42,57,True,2,1,1,0.006583984941244125
8,132,astar,61,60,42,57,True,2,1,1,0.00925001222640276
8,133,dfs,38,55,47,135,True,32,21,15,0.06699998630210757
8,133,bfs,38,55,47,135,True,4,2,2,0.03570900298655033
8,133,dijkstra,38,55,47,135,True,4,2,2,0.039209029637277126
8,133,gbfs,38,55,47,135,True,4,2,2,0.014708028174936771
8,133,astar,38,55,47,135,True,4,2,2,0.023083004634827375
8,134,dfs,62,15,46,49,True,35,22,17,0.08399999933317304
8,134,bfs,62,15,46,49,True,11,7,6,0.224041985347867
8,134,dijkstra,62,15,46,49,True,11,7,6,0.21216704044491053
8,134,gbfs,62,15,46,49,True,11,9,6,0.039457983803004026
8,134,astar,62,15,46,49,True,11,7,6,0.10379200102761388
8,135,dfs,10,25,58,95,True,8,4,3,2.6080000097863376
8,135,bfs,10,25,58,95,True,4,2,2,0.055333017371594906
8,135,dijkstra,10,25,58,95,True,4,2,2,0.057541998103260994
8,135,gbfs,10,25,58,95,True,4,2,2,0.017291982658207417
8,135,astar,10,25,58,95,True,4,2,2,0.0373339862562716
8,136,dfs,40,60,52,77,True,10,6,5,0.02579198917374015
8,136,bfs,40,60,52,77,True,10,5,5,0.10766700142994523
8,136,dijkstra,40,60,52,77,True,10,5,5,0.10404200293123722
8,136,gbfs,40,60,52,77,True,11,7,5,0.0332500203512609
8,136,astar,40,60,52,77,True,10,5,5,0.08045800495892763
8,137,dfs,18,3,20,42,True,3,3,2,1.8874579691328108
8,137,bfs,18,3,20,42,True,3,3,2,0.04316697595641017
8,137,dijkstra,18,3,20,42,True,3,3,2,0.044625019654631615
8,137,gbfs,18,3,20,42,True,3,3,2,0.017209036741405725
8,137,astar,18,3,20,42,True,3,3,2,0.020709005184471607
8,138,dfs,7,22,28,83,True,28,17,13,0.6140419864095747
8,138,bfs,7,22,28,83,True,4,2,2,0.01783395418897271
8,138,dijkstra,7,22,28,83,True,4,2,2,0.016417005099356174
8,138,gbfs,7,22,28,83,True,4,2,2,0.012542004697024822
8,138,astar,7,22,28,83,True,4,2,2,0.02008303999900818
8,139,dfs,2,6,16,16,True,12,7,4,0.1420829794369638
8,139,bfs,2,6,16,16,True,12,7,4,0.03308401210233569
8,139,dijkstra,2,6,16,16,True,12,7,4,0.05316699389368296
8,139,gbfs,2,6,16,16,True,12,7,4,0.01654197694733739
8,139,astar,2,6,16,16,True,12,7,4,0.03370898775756359
8,140,dfs,63,9,22,25,True,21,11,10,0.26354199508205056
8,140,bfs,63,9,22,25,True,17,10,9,0.24620798649266362
8,140,dijkstra,63,9,22,25,True,17,10,9,0.24329102598130703
8,140,gbfs,63,9,22,25,True,19,11,9,0.05783297820016742
8,140,astar,63,9,22,25,True,17,10,9,0.20441703964024782
8,141,dfs,47,39,49,122,True,2,1,1,2.1522919996641576
8,141,bfs,47,39,49,122,True,2,1,1,0.013625016435980797
8,141,dijkstra,47,39,49,122,True,2,1,1,0.01391698606312275
8,141,gbfs,47,39,49,122,True,2,1,1,0.011458003427833319
8,141,astar,47,39,49,122,True,2,1,1,0.014124962035566568
16,42,dfs,121,45,113,139,True,113,85,53,0.7752089877612889
16,42,bfs,121,45,113,139,True,15,10,7,0.8652090327814221
16,42,dijkstra,121,45,113,139,True,14,11,7,1.002291974145919
16,42,gbfs,121,45,113,139,True,16,10,7,0.05712499842047691
16,42,astar,121,45,113,139,True,14,11,7,0.3522920305840671
16,43,dfs,109,186,36,94,True,36,26,20,1.1043339618481696
16,43,bfs,109,186,36,94,True,12,6,6,0.27845799922943115
16,43,dijkstra,109,186,36,94,True,12,6,6,0.2615830162540078
16,43,gbfs,109,186,36,94,True,12,8,6,0.039417005609720945
16,43,astar,109,186,36,94,True,12,6,6,0.1301249722018838
16,44,dfs,181,223,84,129,True,58,35,25,0.11537503451108932
16,44,bfs,181,223,84,129,True,23,13,11,1.1540419654920697
16,44,dijkstra,181,223,84,129,True,22,15,11,1.1013750336132944
16,44,gbfs,181,223,84,129,True,24,14,11,0.08608400821685791
16,44,astar,181,223,84,129,True,22,15,11,0.5415829946286976
16,45,dfs,89,92,66,71,True,65,41,31,3.1413339893333614
16,45,bfs,89,92,66,71,True,5,4,3,0.15966600039973855
16,45,dijkstra,89,92,66,71,True,5,4,3,0.11512503260746598
16,45,gbfs,89,92,66,71,True,5,4,3,0.024374981876462698
16,45,astar,89,92,66,71,True,5,4,3,0.04695903044193983
16,46,dfs,61,255,41,116,True,41,27,20,12.677084014285356
16,46,bfs,61,255,41,116,True,25,18,13,1.1900000390596688
16,46,dijkstra,61,255,41,116,True,25,18,13,1.2222499935887754
16,46,gbfs,61,255,41,116,True,31,19,14,0.08874997729435563
16,46,astar,61,255,41,116,True,25,18,13,0.5366660188883543
16,47,dfs,126,50,77,142,True,74,43,34,7.736333995126188
16,47,bfs,126,50,77,142,True,29,19,14,1.0274999658577144
16,47,dijkstra,126,50,77,142,True,28,17,15,1.1019160156138241
16,47,gbfs,126,50,77,142,True,33,18,15,0.10149995796382427
16,47,astar,126,50,77,142,True,28,17,15,0.6445419858209789
16,48,dfs,199,232,102,151,True,44,28,21,0.11033297050744295
16,48,bfs,199,232,102,151,True,4,2,2,0.07233297219499946
16,48,dijkstra,199,232,102,151,True,4,2,2,0.08525000885128975
16,48,gbfs,199,232,102,151,True,4,2,2,0.016833015251904726
16,48,astar,199,232,102,151,True,4,2,2,0.02762500662356615
16,49,dfs,160,126,40,105,True,40,25,19,8.663084008730948
16,49,bfs,160,126,40,105,True,31,18,15,1.2260000221431255
16,49,dijkstra,160,126,40,105,True,31,18,15,1.2652500299736857
16,49,gbfs,160,126,40,105,True,32,19,15,0.10604195995256305
16,49,astar,160,126,40,105,True,31,18,15,0.9260410442948341
16,50,dfs,119,181,95,216,True,95,56,42,0.20074995700269938
16,50,bfs,119,181,95,216,True,8,5,4,0.3041669842787087
16,50,dijkstra,119,181,95,216,True,8,5,4,0.32958295196294785
16,50,gbfs,119,181,95,216,True,8,5,4,0.033791991882026196
16,50,astar,119,181,95,216,True,8,5,4,0.08941598935052752
16,51,dfs,40,53,63,168,True,10,5,4,38.055332959629595
16,51,bfs,40,53,63,168,True,9,5,4,0.17620797734707594
16,51,dijkstra,40,53,63,168,True,9,5,4,0.16687496099621058
16,51,gbfs,40,53,63,168,True,9,5,4,0.03141601337119937
16,51,astar,40,53,63,168,True,9,5,4,0.08566700853407383
16,52,dfs,24,201,66,106,True,66,41,30,0.1645839656703174
16,52,bfs,24,201,66,106,True,20,13,11,0.9604999795556068
16,52,dijkstra,24,201,66,106,True,20,13,11,0.9252919699065387
16,52,gbfs,24,201,66,106,True,23,15,11,0.08308299584314227
16,52,astar,24,201,66,106,True,20,13,11,0.49170799320563674
16,53,dfs,4,103,110,202,True,110,69,52,0.41041598888114095
16,53,bfs,4,103,110,202,True,14,8,7,0.2800410147756338
16,53,dijkstra,4,103,110,202,True,14,8,7,0.3410829813219607
16,53,gbfs,4,103,110,202,True,16,9,7,0.04070799332112074
16,53,astar,4,103,110,202,True,14,8,7,0.18941698363050818
16,54,dfs,146,169,49,106,True,49,34,24,0.17125002341344953
16,54,bfs,146,169,49,106,True,15,11,8,0.8462920086458325
16,54,dijkstra,146,169,49,106,True,15,11,8,0.832499994430691
16,54,gbfs,146,169,49,106,True,16,11,8,0.055917014833539724
16,54,astar,146,169,49,106,True,15,11,8,0.39962504524737597
16,55,dfs,39,1,43,53,True,22,13,10,2.9447500128299
16,55,bfs,39,1,43,53,True,14,7,7,0.3385419840924442
16,55,dijkstra,39,1,43,53,True,14,7,7,0.39979099528864026
16,55,gbfs,39,1,43,53,True,14,7,7,0.04133296897634864
16,55,astar,39,1,43,53,True,14,7,7,0.1681250287219882
16,56,dfs,188,162,103,162,True,27,17,11,74.98441700590774
16,56,bfs,188,162,103,162,True,22,14,11,1.0749580105766654
16,56,dijkstra,188,162,103,162,True,22,14,11,1.0262919822707772
16,56,gbfs,188,162,103,162,True,24,16,11,0.07229199400171638
16,56,astar,188,162,103,162,True,22,14,11,0.490790989715606
16,57,dfs,79,202,37,98,True,37,22,15,1.2956249993294477
16,57,bfs,79,202,37,98,True,18,12,9,0.45137497363612056
16,57,dijkstra,79,202,37,98,True,18,12,9,0.40454097324982285
16,57,gbfs,79,202,37,98,True,19,14,9,0.052708026487380266
16,57,astar,79,202,37,98,True,18,12,9,0.26958301896229386
16,58,dfs,34,158,106,209,True,106,63,48,0.9967079968191683
16,58,bfs,34,158,106,209,True,30,15,15,1.8197500030510128
16,58,dijkstra,34,158,106,209,True,26,21,15,1.7375830211676657
16,58,gbfs,34,158,106,209,True,32,18,15,0.09975000284612179
16,58,astar,34,158,106,209,True,26,21,15,0.8327499963343143
16,59,dfs,112,72,60,147,True,60,38,28,2.444665995426476
16,59,bfs,112,72,60,147,True,21,12,10,0.6840829737484455
16,59,dijkstra,112,72,60,147,True,21,12,10,0.8388330461457372
16,59,gbfs,112,72,60,147,True,23,13,10,0.063000014051795
16,59,astar,112,72,60,147,True,21,12,10,0.4541249945759773
16,60,dfs,26,150,71,156,True,71,52,36,0.6039169966243207
16,60,bfs,26,150,71,156,True,16,11,9,0.7685840246267617
16,60,dijkstra,26,150,71,156,True,16,11,9,0.7117500063031912
16,60,gbfs,26,150,71,156,True,17,10,9,0.05441700341179967
16,60,astar,26,150,71,156,True,16,11,9,0.26887503918260336
16,61,dfs,47,36,95,102,True,24,16,12,52.83162498380989
16,61,bfs,47,36,95,102,True,27,15,12,0.7367500220425427
16,61,dijkstra,47,36,95,102,True,23,16,12,0.7437499589286745
16,61,gbfs,47,36,95,102,True,24,18,12,0.07108296267688274
16,61,astar,47,36,95,102,True,23,16,12,0.3921670140698552
16,62,dfs,35,57,105,152,True,104,75,54,2.130082983057946
16,62,bfs,35,57,105,152,True,11,10,6,0.3411250072531402
16,62,dijkstra,35,57,105,152,True,11,10,6,0.38475001929327846
16,62,gbfs,35,57,105,152,True,11,11,6,0.039082951843738556
16,62,astar,35,57,105,152,True,11,10,6,0.18208299297839403
16,63,dfs,53,91,88,110,True,88,56,43,0.4881670465692878
16,63,bfs,53,91,88,110,True,14,7,7,0.4776249988935888
16,63,dijkstra,53,91,88,110,True,12,9,7,0.43745903531089425
16,63,gbfs,53,91,88,110,True,15,8,7,0.04533398896455765
16,63,astar,53,91,88,110,True,12,9,7,0.18570799147710204
16,64,dfs,228,138,92,160,True,90,59,42,0.2994999522343278
16,64,bfs,228,138,92,160,True,19,11,9,0.7118750363588333
16,64,dijkstra,228,138,92,160,True,19,11,9,0.7744579925201833
16,64,gbfs,228,138,92,160,True,21,11,9,0.054750009439885616
16,64,astar,228,138,92,160,True,19,11,9,0.38525002310052514
16,65,dfs,245,122,85,202,True,85,53,40,0.2708750544115901
16,65,bfs,245,122,85,202,True,18,10,9,0.5884999991394579
16,65,dijkstra,245,122,85,202,True,18,10,9,0.6007089978083968
16,65,gbfs,245,122,85,202,True,18,10,9,0.05408399738371372
16,65,astar,245,122,85,202,True,18,10,9,0.27129100635647774
16,66,dfs,170,18,41,112,True,41,29,21,2.7225830126553774
16,66,bfs,170,18,41,112,True,24,16,13,1.453207980375737
16,66,dijkstra,170,18,41,112,True,23,17,13,1.4452500035986304
16,66,gbfs,170,18,41,112,True,28,17,13,0.08004199480637908
16,66,astar,170,18,41,112,True,23,17,13,0.8271249826066196
16,67,dfs,105,121,41,76,True,2,1,1,15.939665958285332
16,67,bfs,105,121,41,76,True,2,1,1,0.021040963474661112
16,67,dijkstra,105,121,41,76,True,2,1,1,0.02133304951712489
16,67,gbfs,105,121,41,76,True,2,1,1,0.009166949894279242
16,67,astar,105,121,41,76,True,2,1,1,0.011583964806050062
16,68,dfs,50,212,126,188,True,87,62,41,0.16058300388976932
16,68,bfs,50,212,126,188,True,22,14,10,0.7088750135153532
16,68,dijkstra,50,212,126,188,True,20,14,11,0.7124580442905426
16,68,gbfs,50,212,126,188,True,22,14,10,0.06129196844995022
16,68,astar,50,212,126,188,True,20,14,11,0.3565829829312861
16,69,dfs,210,136,119,237,True,109,72,50,0.222250004298985
16,69,bfs,210,136,119,237,True,19,11,9,0.6217079935595393
16,69,dijkstra,210,136,119,237,True,18,13,10,0.7509579882025719
16,69,gbfs,210,136,119,237,True,19,11,9,0.058792007621377707
16,69,astar,210,136,119,237,True,18,13,10,0.43820799328386784
16,70,dfs,229,146,47,133,True,47,28,22,0.7050830172374845
16,70,bfs,229,146,47,133,True,12,6,6,0.2572499797679484
16,70,dijkstra,229,146,47,133,True,12,6,6,0.34262501867488027
16,70,gbfs,229,146,47,133,True,13,7,6,0.03766600275412202
16,70,astar,229,146,47,133,True,12,6,6,0.15458400594070554
16,71,dfs,47,233,73,124,True,73,48,36,0.8892500190995634
16,71,bfs,47,233,73,124,True,27,14,13,1.3838329468853772
16,71,dijkstra,47,233,73,124,True,25,17,14,1.5104589983820915
16,71,gbfs,47,233,73,124,True,28,14,14,0.07645896403118968
16,71,astar,47,233,73,124,True,25,17,14,0.7153329788707197
16,72,dfs,132,190,41,110,True,41,24,20,2.5119580095633864
16,72,bfs,132,190,41,110,True,22,13,11,1.1248340015299618
16,72,dijkstra,132,190,41,110,True,20,16,11,0.9394999942742288
16,72,gbfs,132,190,41,110,True,23,16,11,0.06795901572331786
16,72,astar,132,190,41,110,True,20,16,11,0.4047909751534462
16,73,dfs,40,229,67,85,True,60,35,25,0.13466697419062257
16,73,bfs,40,229,67,85,True,22,16,12,1.0937090264633298
16,73,dijkstra,40,229,67,85,True,22,16,12,1.0777920251712203
16,73,gbfs,40,229,67,85,True,25,20,13,0.08212501415982842
16,73,astar,40,229,67,85,True,22,16,12,0.4954999894835055
16,74,dfs,253,183,110,140,True,65,41,28,18.585750018246472
16,74,bfs,253,183,110,140,True,16,8,8,0.2954159863293171
16,74,dijkstra,253,183,110,140,True,15,10,8,0.27712504379451275
16,74,gbfs,253,183,110,140,True,16,8,8,0.04483305383473635
16,74,astar,253,183,110,140,True,15,10,8,0.1710830256342888
16,75,dfs,43,124,89,261,True,87,57,43,0.5478330422192812
16,75,bfs,43,124,89,261,True,10,6,5,0.1931669539771974
16,75,dijkstra,43,124,89,261,True,10,6,5,0.20162499276921153
16,75,gbfs,43,124,89,261,True,10,6,5,0.03345799632370472
16,75,astar,43,124,89,261,True,10,6,5,0.11912500485777855
16,76,dfs,57,233,79,139,True,67,41,29,0.11470902245491743
16,76,bfs,57,233,79,139,True,24,16,12,1.4207499916665256
16,76,dijkstra,57,233,79,139,True,24,16,12,1.2803749996237457
16,76,gbfs,57,233,79,139,True,30,20,12,0.07554196054115891
16,76,astar,57,233,79,139,True,24,16,12,0.7132499595172703
16,77,dfs,137,168,64,93,True,7,4,3,30.570542032364756
16,77,bfs,137,168,64,93,True,5,3,2,0.06645801477134228
16,77,dijkstra,137,168,64,93,True,5,3,2,0.07075001485645771
16,77,gbfs,137,168,64,93,True,5,3,2,0.016042031347751617
16,77,astar,137,168,64,93,True,5,3,2,0.05020899698138237
16,78,dfs,70,77,56,151,True,56,37,27,7.648500031791627
16,78,bfs,70,77,56,151,True,15,11,7,0.5580420256592333
16,78,dijkstra,70,77,56,151,True,15,11,7,0.6492499960586429
16,78,gbfs,70,77,56,151,True,15,11,7,0.04579196684062481
16,78,astar,70,77,56,151,True,15,11,7,0.21675002062693238
16,79,dfs,204,152,50,81,True,46,29,22,0.15958398580551147
16,79,bfs,204,152,50,81,True,13,7,6,0.29066699789837
16,79,dijkstra,204,152,50,81,True,13,7,6,0.32370799453929067
16,79,gbfs,204,152,50,81,True,14,9,6,0.03758398815989494
16,79,astar,204,152,50,81,True,13,7,6,0.20574999507516623
16,80,dfs,103,242,66,168,True,36,21,16,0.06574997678399086
16,80,bfs,103,242,66,168,True,21,12,11,1.6298330156132579
16,80,dijkstra,103,242,66,168,True,19,15,11,1.6184580163098872
16,80,gbfs,103,242,66,168,True,28,15,11,0.06558303721249104
16,80,astar,103,242,66,168,True,19,15,11,0.5234580021351576
16,81,dfs,222,197,96,136,True,20,14,10,51.88749998342246
16,81,bfs,222,197,96,136,True,19,12,9,0.43041695607826114
16,81,dijkstra,222,197,96,136,True,19,12,9,0.4206669982522726
16,81,gbfs,222,197,96,136,True,19,12,9,0.05908298771828413
16,81,astar,222,197,96,136,True,19,12,9,0.24754198966547847
16,82,dfs,228,120,50,70,True,50,33,24,0.5297500174492598
16,82,bfs,228,120,50,70,True,14,10,7,0.4147500148974359
16,82,dijkstra,228,120,50,70,True,14,10,7,0.4429160035215318
16,82,gbfs,228,120,50,70,True,14,10,7,0.04474999150261283
16,82,astar,228,120,50,70,True,14,10,7,0.22195896599441767
16,83,dfs,253,59,95,191,True,93,59,42,0.3810410271398723
16,83,bfs,253,59,95,191,True,24,14,12,0.8083329885266721
16,83,dijkstra,253,59,95,191,True,23,15,12,0.8089159964583814
16,83,gbfs,253,59,95,191,True,27,17,12,0.07087498670443892
16,83,astar,253,59,95,191,True,23,15,12,0.4289590287953615
16,84,dfs,189,124,125,206,True,71,45,32,0.7217079983092844
16,84,bfs,189,124,125,206,True,9,5,4,0.11737499153241515
16,84,dijkstra,189,124,125,206,True,8,6,4,0.15516701387241483
16,84,gbfs,189,124,125,206,True,9,5,4,0.026041001547127962
16,84,astar,189,124,125,206,True,8,6,4,0.07316697156056762
16,85,dfs,242,8,57,85,True,57,38,30,6.340915977489203
16,85,bfs,242,8,57,85,True,31,16,15,1.0432080016471446
16,85,dijkstra,242,8,57,85,True,31,16,15,1.146709022577852
16,85,gbfs,242,8,57,85,True,41,21,15,0.09195797611027956
16,85,astar,242,8,57,85,True,31,16,15,0.570792006328702
16,86,dfs,33,27,35,73,True,34,21,18,7.739458989817649
16,86,bfs,33,27,35,73,True,24,14,10,0.6161250057630241
16,86,dijkstra,33,27,35,73,True,24,12,11,1.1205420014448464
16,86,gbfs,33,27,35,73,True,25,14,10,0.0712500186637044
16,86,astar,33,27,35,73,True,24,12,11,0.44954201439395547
16,87,dfs,253,221,50,140,True,27,16,12,0.054291042033582926
16,87,bfs,253,221,50,140,True,4,2,2,0.026875000912696123
16,87,dijkstra,253,221,50,140,True,4,2,2,0.0291660544462502
16,87,gbfs,253,221,50,140,True,4,2,2,0.014332996215671301
16,87,astar,253,221,50,140,True,4,2,2,0.05112495273351669
16,88,dfs,85,255,82,216,True,58,39,29,0.11479097884148359
16,88,bfs,85,255,82,216,True,30,17,15,1.4920840039849281
16,88,dijkstra,85,255,82,216,True,29,18,15,1.5050839865580201
16,88,gbfs,85,255,82,216,True,34,19,15,0.09208300616592169
16,88,astar,85,255,82,216,True,29,18,15,1.1282500345259905
16,89,dfs,201,117,42,86,True,39,23,17,0.11529098264873028
16,89,bfs,201,117,42,86,True,18,10,7,0.5756669561378658
16,89,dijkstra,201,117,42,86,True,15,14,8,0.5839169607497752
16,89,gbfs,201,117,42,86,True,18,10,7,0.03587501123547554
16,89,astar,201,117,42,86,True,15,14,8,0.23316696751862764
16,90,dfs,84,219,58,97,True,57,34,25,0.898041995242238
16,90,bfs,84,219,58,97,True,23,13,11,1.102917012758553
16,90,dijkstra,84,219,58,97,True,20,14,11,1.1277080047875643
16,90,gbfs,84,219,58,97,True,23,18,12,0.07487495895475149
16,90,astar,84,219,58,97,True,20,14,11,0.6049579824320972
16,91,dfs,81,218,42,98,True,42,24,17,2.5139159988611937
16,91,bfs,81,218,42,98,True,28,16,13,1.2354589998722076
16,91,dijkstra,81,218,42,98,True,27,17,13,1.0758750140666962
16,91,gbfs,81,218,42,98,True,27,18,13,0.07762497989460826
16,91,astar,81,218,42,98,True,27,17,13,0.7036669994704425
16,92,dfs,202,114,85,218,True,84,50,37,2.978542004711926
16,92,bfs,202,114,85,218,True,23,15,11,1.2920000008307397
16,92,dijkstra,202,114,85,218,True,23,15,11,1.3169999583624303
16,92,gbfs,202,114,85,218,True,27,17,11,0.07324997568503022
16,92,astar,202,114,85,218,True,23,15,11,0.7102920208126307
16,93,dfs,227,245,95,124,True,33,18,14,0.06525003118440509
16,93,bfs,227,245,95,124,True,4,2,2,0.050292001105844975
16,93,dijkstra,227,245,95,124,True,4,2,2,0.04758400609716773
16,93,gbfs,227,245,95,124,True,4,2,2,0.01575000351294875
16,93,astar,227,245,95,124,True,4,2,2,0.026875000912696123
16,94,dfs,240,58,101,179,True,101,63,45,2.8695420478470623
16,94,bfs,240,58,101,179,True,31,18,16,1.9420409807935357
16,94,dijkstra,240,58,101,179,True,30,19,16,1.8987079965882003
16,94,gbfs,240,58,101,179,True,37,23,16,0.10258302791044116
16,94,astar,240,58,101,179,True,30,19,16,1.016333990264684
16,95,dfs,231,75,100,300,True,99,63,48,0.3749169991351664
16,95,bfs,231,75,100,300,True,20,12,10,0.9828329784795642
16,95,dijkstra,231,75,100,300,True,19,15,11,0.9242909727618098
16,95,gbfs,231,75,100,300,True,22,13,10,0.06541702896356583
16,95,astar,231,75,100,300,True,19,15,11,0.33962499583140016
16,96,dfs,108,219,79,84,True,79,48,34,0.1948749995790422
16,96,bfs,108,219,79,84,True,16,8,7,0.4946659901179373
16,96,dijkstra,108,219,79,84,True,16,8,7,0.5632080137729645
16,96,gbfs,108,219,79,84,True,16,11,7,0.04274997627362609
16,96,astar,108,219,79,84,True,16,8,7,0.27550000231713057
16,97,dfs,112,156,56,160,True,53,36,26,0.3700419911183417
16,97,bfs,112,156,56,160,True,23,16,13,1.3130410225130618
16,97,dijkstra,112,156,56,160,True,23,16,13,1.0973750031553209
16,97,gbfs,112,156,56,160,True,26,18,13,0.0748330494388938
16,97,astar,112,156,56,160,True,23,16,13,0.4943750100210309
16,98,dfs,118,252,77,198,True,56,31,25,0.10491599095985293
16,98,bfs,118,252,77,198,True,20,11,10,1.4193750103004277
16,98,dijkstra,118,252,77,198,True,20,11,10,1.455834018997848
16,98,gbfs,118,252,77,198,True,27,16,11,0.07145799463614821
16,98,astar,118,252,77,198,True,20,11,10,0.4957079654559493
16,99,dfs,156,86,83,141,True,81,51,35,8.844374970067292
16,99,bfs,156,86,83,141,True,16,8,8,0.62579195946455
16,99,dijkstra,156,86,83,141,True,16,8,8,0.6202919757924974
16,99,gbfs,156,86,83,141,True,19,13,8,0.05674996646121144
16,99,astar,156,86,83,141,True,16,8,8,0.28070801636204123
16,100,dfs,8,99,50,94,True,48,33,23,0.3153339494019747
16,100,bfs,8,99,50,94,True,18,11,8,0.4866250092163682
16,100,dijkstra,8,99,50,94,True,17,12,8,0.48037496162578464
16,100,gbfs,8,99,50,94,True,22,13,8,0.0512079568579793
16,100,astar,8,99,50,94,True,17,12,8,0.24575000861659646
16,101,dfs,149,5,106,234,True,106,77,51,2.1709579741582274
16,101,bfs,149,5,106,234,True,19,11,9,0.7887500105425715
16,101,dijkstra,149,5,106,234,True,19,11,9,1.0159999947063625
16,101,gbfs,149,5,106,234,True,20,14,9,0.06033299723640084
16,101,astar,149,5,106,234,True,19,11,9,0.37937500746920705
16,102,dfs,7,59,50,120,True,50,30,22,1.9276660168543458
16,102,bfs,7,59,50,120,True,10,6,5,0.1431250129826367
16,102,dijkstra,7,59,50,120,True,10,6,5,0.21066697081550956
16,102,gbfs,7,59,50,120,True,10,6,5,0.033999967854470015
16,102,astar,7,59,50,120,True,10,6,5,0.08537498069927096
16,103,dfs,97,254,123,312,True,57,36,25,0.11229200754314661
16,103,bfs,97,254,123,312,True,33,20,17,1.791291986592114
16,103,dijkstra,97,254,123,312,True,33,20,17,1.573749992530793
16,103,gbfs,97,254,123,312,True,39,23,18,0.11108396574854851
16,103,astar,97,254,123,312,True,33,20,17,1.0048339609056711
16,104,dfs,66,247,34,36,True,34,21,15,1.6771670198068023
16,104,bfs,66,247,34,36,True,23,13,11,1.121042005252093
16,104,dijkstra,66,247,34,36,True,23,13,11,1.2233330053277314
16,104,gbfs,66,247,34,36,True,24,13,11,0.07262500002980232
16,104,astar,66,247,34,36,True,23,13,11,0.5766670219600201
16,105,dfs,52,136,107,107,True,107,68,47,0.3032079548574984
16,105,bfs,52,136,107,107,True,13,8,7,0.39720797212794423
16,105,dijkstra,52,136,107,107,True,12,9,7,0.3736669896170497
16,105,gbfs,52,136,107,107,True,13,8,7,0.04758400609716773
16,105,astar,52,136,107,107,True,12,9,7,0.16474997391924262
16,106,dfs,223,1,122,327,True,122,81,57,0.526334042660892
16,106,bfs,223,1,122,327,True,39,23,20,1.70045904815197
16,106,dijkstra,223,1,122,327,True,39,23,20,1.6916250460781157
16,106,gbfs,223,1,122,327,True,46,29,20,0.11504098074510694
16,106,astar,223,1,122,327,True,39,23,20,1.4307080418802798
16,107,dfs,200,231,63,160,True,6,4,3,47.826207999605685
16,107,bfs,200,231,63,160,True,6,3,2,0.07133401231840253
16,107,dijkstra,200,231,63,160,True,5,4,3,0.09424996096640825
16,107,gbfs,200,231,63,160,True,6,3,2,0.018874998204410076
16,107,astar,200,231,63,160,True,5,4,3,0.0547909876331687
16,108,dfs,57,44,48,58,True,48,32,24,4.396416014060378
16,108,bfs,57,44,48,58,True,7,5,4,0.1490419963374734
16,108,dijkstra,57,44,48,58,True,7,5,4,0.12479198630899191
16,108,gbfs,57,44,48,58,True,7,5,4,0.03241701051592827
16,108,astar,57,44,48,58,True,7,5,4,0.05708402022719383
16,109,dfs,38,181,67,125,True,56,34,26,0.46904198825359344
16,109,bfs,38,181,67,125,True,18,11,9,0.7606250001117587
16,109,dijkstra,38,181,67,125,True,18,11,9,0.6820000126026571
16,109,gbfs,38,181,67,125,True,26,15,10,0.06820802809670568
16,109,astar,38,181,67,125,True,18,11,9,0.38100004894658923
16,110,dfs,168,189,81,219,True,64,40,32,1.0252500069327652
16,110,bfs,168,189,81,219,True,10,6,5,0.2851249882951379
16,110,dijkstra,168,189,81,219,True,10,6,5,0.3589169937185943
16,110,gbfs,168,189,81,219,True,11,8,5,0.03362505231052637
16,110,astar,168,189,81,219,True,10,6,5,0.11874997289851308
16,111,dfs,233,42,59,162,True,58,35,30,1.65516696870327
16,111,bfs,233,42,59,162,True,23,13,12,1.1474579805508256
16,111,dijkstra,233,42,59,162,True,23,13,12,1.1543749715201557
16,111,gbfs,233,42,59,162,True,27,15,13,0.08116703247651458
16,111,astar,233,42,59,162,True,23,13,12,0.5550000350922346
16,112,dfs,116,102,93,262,True,93,55,41,0.613124982919544
16,112,bfs,116,102,93,262,True,6,3,3,0.0970409600995481
16,112,dijkstra,116,102,93,262,True,6,3,3,0.11125003220513463
16,112,gbfs,116,102,93,262,True,8,4,3,0.020042003598064184
16,112,astar,116,102,93,262,True,6,3,3,0.053750001825392246
16,113,dfs,16,132,35,37,True,34,22,17,0.3638329799287021
16,113,bfs,16,132,35,37,True,18,10,9,0.3463750472292304
16,113,dijkstra,16,132,35,37,True,18,10,9,0.3215000033378601
16,113,gbfs,16,132,35,37,True,18,11,9,0.051709008403122425
16,113,astar,16,132,35,37,True,18,10,9,0.18816697411239147
16,114,dfs,254,177,62,142,True,62,38,26,0.401791010517627
16,114,bfs,254,177,62,142,True,34,20,15,1.3878750032745302
16,114,dijkstra,254,177,62,142,True,30,20,16,1.2890000361949205
16,114,gbfs,254,177,62,142,True,35,21,15,0.08758297190070152
16,114,astar,254,177,62,142,True,30,20,16,0.5909579922445118
16,115,dfs,13,39,68,140,True,16,8,7,0.028125010430812836
16,115,bfs,13,39,68,140,True,16,8,7,0.2067919704131782
16,115,dijkstra,13,39,68,140,True,16,8,7,0.18091697711497545
16,115,gbfs,13,39,68,140,True,18,9,7,0.043000036384910345
16,115,astar,13,39,68,140,True,16,8,7,0.10391697287559509
16,116,dfs,96,193,127,160,True,15,9,7,118.22537501575425
16,116,bfs,96,193,127,160,True,12,6,6,0.2776659675873816
16,116,dijkstra,96,193,127,160,True,12,6,6,0.28074998408555984
16,116,gbfs,96,193,127,160,True,12,6,6,0.03595795715227723
16,116,astar,96,193,127,160,True,12,6,6,0.10158302029594779
16,117,dfs,222,136,62,169,True,58,40,29,0.24083297466859221
16,117,bfs,222,136,62,169,True,15,11,8,0.4361660103313625
16,117,dijkstra,222,136,62,169,True,15,11,8,0.5068749887868762
16,117,gbfs,222,136,62,169,True,16,12,8,0.05324999801814556
16,117,astar,222,136,62,169,True,15,11,8,0.30933303060010076
16,118,dfs,79,215,123,148,True,65,40,30,1.2084170011803508
16,118,bfs,79,215,123,148,True,26,17,13,0.714167021214962
16,118,dijkstra,79,215,123,148,True,26,17,13,0.7570000016130507
16,118,gbfs,79,215,123,148,True,26,18,13,0.06620900239795446
16,118,astar,79,215,123,148,True,26,17,13,0.4585420247167349
16,119,dfs,153,248,68,95,True,43,28,22,0.08641701424494386
16,119,bfs,153,248,68,95,True,11,7,6,0.47204195288941264
16,119,dijkstra,153,248,68,95,True,11,7,6,0.3945839707739651
16,119,gbfs,153,248,68,95,True,14,10,7,0.04295899998396635
16,119,astar,153,248,68,95,True,11,7,6,0.15479099238291383
16,120,dfs,208,85,97,177,True,97,60,43,0.33116695703938603
16,120,bfs,208,85,97,177,True,19,10,9,0.3322080010548234
16,120,dijkstra,208,85,97,177,True,19,10,9,0.3698329674080014
16,120,gbfs,208,85,97,177,True,19,10,9,0.05141599103808403
16,120,astar,208,85,97,177,True,19,10,9,0.208500016015023
16,121,dfs,102,172,43,65,True,43,26,20,3.2724160118959844
16,121,bfs,102,172,43,65,True,15,9,8,0.7111660088412464
16,121,dijkstra,102,172,43,65,True,15,9,8,0.6821250426582992
16,121,gbfs,102,172,43,65,True,20,11,8,0.04841701593250036
16,121,astar,102,172,43,65,True,15,9,8,0.20641699666157365
16,122,dfs,252,175,97,115,True,68,43,32,2.625832974445075
16,122,bfs,252,175,97,115,True,14,8,6,0.19712495850399137
16,122,dijkstra,252,175,97,115,True,14,7,7,0.25929196272045374
16,122,gbfs,252,175,97,115,True,15,9,6,0.03433396341279149
16,122,astar,252,175,97,115,True,14,7,7,0.130708038341254
16,123,dfs,234,236,38,72,True,38,24,18,6.307042029220611
16,123,bfs,234,236,38,72,True,6,3,2,0.04845799412578344
16,123,dijkstra,234,236,38,72,True,6,3,2,0.056833960115909576
16,123,gbfs,234,236,38,72,True,6,3,2,0.01591601176187396
16,123,astar,234,236,38,72,True,6,3,2,0.0515839783474803
16,124,dfs,78,90,67,173,True,9,6,5,42.49433398945257
16,124,bfs,78,90,67,173,True,9,6,5,0.19537500338628888
16,124,dijkstra,78,90,67,173,True,9,6,5,0.15612499555572867
16,124,gbfs,78,90,67,173,True,9,6,5,0.0374580267816782
16,124,astar,78,90,67,173,True,9,6,5,0.07816700963303447
16,125,dfs,26,210,63,102,True,60,38,29,0.2096670214086771
16,125,bfs,26,210,63,102,True,30,15,14,2.266625000629574
16,125,dijkstra,26,210,63,102,True,28,16,14,1.865583995822817
16,125,gbfs,26,210,63,102,True,32,19,14,0.08504197467118502
16,125,astar,26,210,63,102,True,28,16,14,1.0217080125585198
16,126,dfs,203,243,105,168,True,32,20,15,0.07312500383704901
16,126,bfs,203,243,105,168,True,20,13,10,0.9766250150278211
16,126,dijkstra,203,243,105,168,True,20,13,10,0.8443330298177898
16,126,gbfs,203,243,105,168,True,20,13,10,0.04766596248373389
16,126,astar,203,243,105,168,True,20,13,10,0.4003749927505851
16,127,dfs,136,222,37,49,True,37,23,18,3.945250005926937
16,127,bfs,136,222,37,49,True,19,10,8,0.708709005266428
16,127,dijkstra,136,222,37,49,True,18,10,9,0.8253749692812562
16,127,gbfs,136,222,37,49,True,19,12,9,0.056958990171551704
16,127,astar,136,222,37,49,True,18,10,9,0.29966700822114944
16,128,dfs,142,210,62,102,True,62,40,29,0.22975000320002437
16,128,bfs,142,210,62,102,True,32,16,15,1.6712910146452487
16,128,dijkstra,142,210,62,102,True,28,20,16,1.6209999448619783
16,128,gbfs,142,210,62,102,True,31,22,15,0.0956250005401671
16,128,astar,142,210,62,102,True,28,20,16,1.0710000060498714
16,129,dfs,245,253,107,316,True,42,24,19,0.07374997949227691
16,129,bfs,245,253,107,316,True,18,10,8,0.45241700718179345
16,129,dijkstra,245,253,107,316,True,18,10,8,0.5311249988153577
16,129,gbfs,245,253,107,316,True,18,10,8,0.035750039387494326
16,129,astar,245,253,107,316,True,18,10,8,0.17250003293156624
16,130,dfs,255,198,98,159,True,94,61,45,0.18408300820738077
16,130,bfs,255,198,98,159,True,18,12,10,0.4611669573932886
16,130,dijkstra,255,198,98,159,True,16,14,10,0.3024999750778079
16,130,gbfs,255,198,98,159,True,21,12,10,0.05966698518022895
16,130,astar,255,198,98,159,True,16,14,10,0.18262502271682024
16,131,dfs,130,188,72,216,True,66,43,31,0.14462496619671583
16,131,bfs,130,188,72,216,True,20,14,11,1.245416991878301
16,131,dijkstra,130,188,72,216,True,20,14,11,1.1258749873377383
16,131,gbfs,130,188,72,216,True,23,16,11,0.07149996235966682
16,131,astar,130,188,72,216,True,20,14,11,0.6327080191113055
16,132,dfs,150,2,84,115,True,84,63,44,8.504166034981608
16,132,bfs,150,2,84,115,True,21,12,10,0.8603750029578805
16,132,dijkstra,150,2,84,115,True,20,14,11,0.9900829754769802
16,132,gbfs,150,2,84,115,True,22,13,10,0.055374985095113516
16,132,astar,150,2,84,115,True,20,14,11,0.3857499687001109
16,133,dfs,178,16,95,272,True,95,60,44,2.796540968120098
16,133,bfs,178,16,95,272,True,20,13,10,0.5112079670652747
16,133,dijkstra,178,16,95,272,True,20,13,10,0.5761249922215939
16,133,gbfs,178,16,95,272,True,21,14,10,0.05887501174584031
16,133,astar,178,16,95,272,True,20,13,10,0.2359169884584844
16,134,dfs,254,15,93,99,True,93,52,40,5.283417005557567
16,134,bfs,254,15,93,99,True,34,18,15,0.8969170157797635
16,134,dijkstra,254,15,93,99,True,34,18,15,1.0504169622436166
16,134,gbfs,254,15,93,99,True,44,24,16,0.10174995986744761
16,134,astar,254,15,93,99,True,34,18,15,0.532458012457937
16,135,dfs,229,246,117,192,True,2,1,1,171.41708300914615
16,135,bfs,229,246,117,192,True,2,1,1,0.02300000051036477
16,135,dijkstra,229,246,117,192,True,2,1,1,0.019167026039212942
16,135,gbfs,229,246,117,192,True,2,1,1,0.011374999303370714
16,135,astar,229,246,117,192,True,2,1,1,0.020042003598064184
16,136,dfs,90,43,105,213,True,105,62,44,1.584666024427861
16,136,bfs,90,43,105,213,True,6,3,3,0.10404200293123722
16,136,dijkstra,90,43,105,213,True,6,3,3,0.1545000122860074
16,136,gbfs,90,43,105,213,True,6,3,3,0.023292028345167637
16,136,astar,90,43,105,213,True,6,3,3,0.05987501936033368
16,137,dfs,128,141,41,85,True,41,34,23,1.5942500322125852
16,137,bfs,128,141,41,85,True,31,18,14,0.9010420180857182
16,137,dijkstra,128,141,41,85,True,30,20,16,0.9779579704627395
16,137,gbfs,128,141,41,85,True,33,22,14,0.08045800495892763
16,137,astar,128,141,41,85,True,30,20,16,0.7292500231415033
16,138,dfs,225,14,56,166,True,56,40,29,7.5917079811915755
16,138,bfs,225,14,56,166,True,37,25,20,2.1325419656932354
16,138,dijkstra,225,14,56,166,True,36,26,20,2.08454200765118
16,138,gbfs,225,14,56,166,True,40,28,20,0.10325002949684858
16,138,astar,225,14,56,166,True,36,26,20,1.385958050377667
16,139,dfs,218,240,32,32,True,25,16,11,0.051458016969263554
16,139,bfs,218,240,32,32,True,21,13,11,1.0698339901864529
16,139,dijkstra,218,240,32,32,True,21,13,11,1.0105830151587725
16,139,gbfs,218,240,32,32,True,23,13,11,0.054333009757101536
16,139,astar,218,240,32,32,True,21,13,11,0.3487499780021608
16,140,dfs,194,228,44,50,True,17,12,9,3.055332985240966
16,140,bfs,194,228,44,50,True,8,4,3,0.10512495646253228
16,140,dijkstra,194,228,44,50,True,8,4,3,0.16341701848432422
16,140,gbfs,194,228,44,50,True,8,4,3,0.01916696783155203
16,140,astar,194,228,44,50,True,8,4,3,0.09587500244379044
16,141,dfs,163,117,98,244,True,20,11,10,56.402333022560924
16,141,bfs,163,117,98,244,True,6,3,3,0.0910409726202488
16,141,dijkstra,163,117,98,244,True,6,3,3,0.09587500244379044
16,141,gbfs,163,117,98,244,True,6,3,3,0.02116599353030324
16,141,astar,163,117,98,244,True,6,3,3,0.052291026804596186
32,42,dfs,499,268,227,279,True,227,144,108,100.275042001158
32,42,bfs,499,268,227,279,True,20,10,10,1.253040973097086
32,42,dijkstra,499,268,227,279,True,20,10,10,1.4950830372981727
32,42,gbfs,499,268,227,279,True,20,10,10,0.06704102270305157
32,42,astar,499,268,227,279,True,20,10,10,0.48445898573845625
32,43,dfs,678,265,73,189,True,73,47,39,66.13520800601691
32,43,bfs,678,265,73,189,True,25,15,13,2.68979201791808
32,43,dijkstra,678,265,73,189,True,24,16,13,2.796958026010543
32,43,gbfs,678,265,73,189,True,32,17,14,0.08299999171867967
32,43,astar,678,265,73,189,True,24,16,13,0.5785829853266478
32,44,dfs,47,680,168,258,True,168,107,80,14.044709037989378
32,44,bfs,47,680,168,258,True,40,27,21,5.562416976317763
32,44,dijkstra,47,680,168,258,True,39,28,21,5.099166999571025
32,44,gbfs,47,680,168,258,True,52,29,21,0.13070902787148952
32,44,astar,47,680,168,258,True,39,28,21,1.6586249694228172
32,45,dfs,402,966,133,144,True,92,60,42,17.694875015877187
32,45,bfs,402,966,133,144,True,45,29,22,6.6730830003507435
32,45,dijkstra,402,966,133,144,True,42,31,23,6.3755420269444585
32,45,gbfs,402,966,133,144,True,46,34,22,0.13816700084134936
32,45,astar,402,966,133,144,True,42,31,23,2.2467499948106706
32,46,dfs,820,116,83,233,True,83,56,41,119.1330419969745
32,46,bfs,820,116,83,233,True,43,23,22,7.0237910258583724
32,46,dijkstra,820,116,83,233,True,41,26,22,6.198958959430456
32,46,gbfs,820,116,83,233,True,48,31,22,0.1330830273218453
32,46,astar,820,116,83,233,True,41,26,22,2.4681250215508044
32,47,dfs,730,992,154,285,True,86,50,36,0.15683297533541918
32,47,bfs,730,992,154,285,True,63,33,31,13.089417014271021
32,47,dijkstra,730,992,154,285,True,58,43,32,11.857083009090275
32,47,gbfs,730,992,154,285,True,71,42,32,0.16308296471834183
32,47,astar,730,992,154,285,True,58,43,32,4.568875010591
32,48,dfs,78,431,204,302,True,204,135,94,41.73054202692583
32,48,bfs,78,431,204,302,True,21,15,11,1.2182079954072833
32,48,dijkstra,78,431,204,302,True,21,15,11,1.1332090361975133
32,48,gbfs,78,431,204,302,True,26,18,11,0.07333402754738927
32,48,astar,78,431,204,302,True,21,15,11,0.4629160393960774
32,49,dfs,424,253,81,211,True,81,55,41,245.61233300482854
32,49,bfs,424,253,81,211,True,51,35,24,7.737124979030341
32,49,dijkstra,424,253,81,211,True,47,33,25,7.106458011548966
32,49,gbfs,424,253,81,211,True,57,34,25,0.15408301260322332
32,49,astar,424,253,81,211,True,47,33,25,3.1376670231111348
32,50,dfs,592,893,191,433,True,180,119,85,4.861125024035573
32,50,bfs,592,893,191,433,True,30,21,17,7.4588750139810145
32,50,dijkstra,592,893,191,433,True,28,29,18,5.458207975607365
32,50,gbfs,592,893,191,433,True,33,25,18,0.10562501847743988
32,50,astar,592,893,191,433,True,28,29,18,1.4685419737361372
32,51,dfs,403,445,126,336,True,126,80,64,181.8934589973651
32,51,bfs,403,445,126,336,True,21,13,10,1.759040984325111
32,51,dijkstra,403,445,126,336,True,21,13,10,2.045041008386761
32,51,gbfs,403,445,126,336,True,23,14,10,0.06691698217764497
32,51,astar,403,445,126,336,True,21,13,10,0.5337910261005163
32,52,dfs,425,628,132,213,True,132,86,62,19.064208026975393
32,52,bfs,425,628,132,213,True,27,16,14,3.823332954198122
32,52,dijkstra,425,628,132,213,True,26,18,14,3.414958016946912
32,52,gbfs,425,628,132,213,True,27,16,14,0.08412502938881516
32,52,astar,425,628,132,213,True,26,18,14,0.8685829816386104
32,53,dfs,492,508,221,405,True,220,133,105,6.935583020094782
32,53,bfs,492,508,221,405,True,38,20,17,6.300250010099262
32,53,dijkstra,492,508,221,405,True,38,20,17,6.586792005691677
32,53,gbfs,492,508,221,405,True,38,21,17,0.1039999770000577
32,53,astar,492,508,221,405,True,38,20,17,2.036791993305087
32,54,dfs,519,350,99,213,True,99,67,49,474.21320801367983
32,54,bfs,519,350,99,213,True,54,30,26,12.352999998256564
32,54,dijkstra,519,350,99,213,True,51,37,27,11.949292034842074
32,54,gbfs,519,350,99,213,True,64,38,27,0.16533402958884835
32,54,astar,519,350,99,213,True,51,37,27,6.446040992159396
32,55,dfs,186,508,87,107,True,87,59,46,78.42483301647007
32,55,bfs,186,508,87,107,True,19,12,10,0.919374986551702
32,55,dijkstra,186,508,87,107,True,19,12,10,1.0334999533370137
32,55,gbfs,186,508,87,107,True,22,13,10,0.06229098653420806
32,55,astar,186,508,87,107,True,19,12,10,0.39112503873184323
32,56,dfs,588,816,207,325,True,206,135,92,1.415667007677257
32,56,bfs,588,816,207,325,True,12,10,7,0.5789999850094318
32,56,dijkstra,588,816,207,325,True,12,10,7,0.41674997191876173
32,56,gbfs,588,816,207,325,True,12,10,7,0.04537496715784073
32,56,astar,588,816,207,325,True,12,10,7,0.15479198191314936
32,57,dfs,195,387,74,196,True,74,43,36,6.923792010638863
32,57,bfs,195,387,74,196,True,11,7,6,0.42320898501202464
32,57,dijkstra,195,387,74,196,True,11,7,6,0.37874997360631824
32,57,gbfs,195,387,74,196,True,11,7,6,0.03612501313909888
32,57,astar,195,387,74,196,True,11,7,6,0.1486249966546893
32,58,dfs,250,389,212,419,True,212,137,102,114.57958299433812
32,58,bfs,250,389,212,419,True,44,31,23,9.789375006221235
32,58,dijkstra,250,389,212,419,True,44,31,23,8.761458040680736
32,58,gbfs,250,389,212,419,True,52,39,26,0.16962498193606734
32,58,astar,250,389,212,419,True,44,31,23,4.5845420099794865
32,59,dfs,536,441,121,295,True,121,73,55,122.9142090305686
32,59,bfs,536,441,121,295,True,7,4,3,0.09970902465283871
32,59,dijkstra,536,441,121,295,True,7,4,3,0.1377919688820839
32,59,gbfs,536,441,121,295,True,8,5,3,0.023208034690469503
32,59,astar,536,441,121,295,True,7,4,3,0.06779195973649621
32,60,dfs,358,764,142,312,True,142,80,60,0.4792920080944896
32,60,bfs,358,764,142,312,True,54,35,28,10.918333020526916
32,60,dijkstra,358,764,142,312,True,53,36,28,9.442707989364862
32,60,gbfs,358,764,142,312,True,68,41,29,0.17179205315187573
32,60,astar,358,764,142,312,True,53,36,28,6.086125038564205
32,61,dfs,559,771,190,204,True,189,115,87,106.07849998632446
32,61,bfs,559,771,190,204,True,29,16,15,5.792791955173016
32,61,dijkstra,559,771,190,204,True,28,17,15,5.028999992646277
32,61,gbfs,559,771,190,204,True,36,21,16,0.1051250146701932
32,61,astar,559,771,190,204,True,28,17,15,1.085166004486382
32,62,dfs,684,21,211,306,True,211,148,105,116.61625001579523
32,62,bfs,684,21,211,306,True,44,27,21,6.473874964285642
32,62,dijkstra,684,21,211,306,True,41,29,21,6.458000047132373
32,62,gbfs,684,21,211,306,True,49,27,22,0.1360000460408628
32,62,astar,684,21,211,306,True,41,29,21,2.166291989851743
32,63,dfs,519,132,177,221,True,177,118,87,194.9600839870982
32,63,bfs,519,132,177,221,True,22,14,12,2.5104160304181278
32,63,dijkstra,519,132,177,221,True,22,14,12,2.351125003769994
32,63,gbfs,519,132,177,221,True,23,19,12,0.0754999928176403
32,63,astar,519,132,177,221,True,22,14,12,0.8097910322248936
32,64,dfs,451,296,185,322,True,185,126,92,43.24833303689957
32,64,bfs,451,296,185,322,True,12,9,7,0.5157499690540135
32,64,dijkstra,451,296,185,322,True,11,10,7,0.4160419921390712
32,64,gbfs,451,296,185,322,True,12,9,7,0.049875001423060894
32,64,astar,451,296,185,322,True,11,10,7,0.167582998983562
32,65,dfs,542,503,170,404,True,16,8,8,1397.4972919677384
32,65,bfs,542,503,170,404,True,16,8,8,0.5662090261466801
32,65,dijkstra,542,503,170,404,True,16,8,8,0.4530409933067858
32,65,gbfs,542,503,170,404,True,21,11,8,0.05908298771828413
32,65,astar,542,503,170,404,True,16,8,8,0.24270801804959774
32,66,dfs,540,228,82,225,True,82,57,39,9.684791031759232
32,66,bfs,540,228,82,225,True,56,36,29,11.282041959930211
32,66,dijkstra,540,228,82,225,True,55,37,29,11.016207979992032
32,66,gbfs,540,228,82,225,True,62,43,30,0.1883750082924962
32,66,astar,540,228,82,225,True,55,37,29,6.753207999281585
32,67,dfs,878,807,83,154,True,48,33,23,24.69787502195686
32,67,bfs,878,807,83,154,True,16,10,8,1.1039160308428109
32,67,dijkstra,878,807,83,154,True,16,10,8,1.3733750092796981
32,67,gbfs,878,807,83,154,True,16,10,8,0.05845795385539532
32,67,astar,878,807,83,154,True,16,10,8,0.49879198195412755
32,68,dfs,693,618,253,377,True,247,153,116,5.506667017471045
32,68,bfs,693,618,253,377,True,26,13,13,3.0322920065373182
32,68,dijkstra,693,618,253,377,True,26,13,13,3.204000007826835
32,68,gbfs,693,618,253,377,True,29,16,13,0.081416976172477
32,68,astar,693,618,253,377,True,26,13,13,1.0544160031713545
32,69,dfs,448,755,239,476,True,238,154,108,0.48099999548867345
32,69,bfs,448,755,239,476,True,45,25,23,6.624292000196874
32,69,dijkstra,448,755,239,476,True,43,27,23,5.566000007092953
32,69,gbfs,448,755,239,476,True,51,29,23,0.14216703129932284
32,69,astar,448,755,239,476,True,43,27,23,2.446541970130056
32,70,dfs,109,224,94,266,True,28,22,15,25.294333056081086
32,70,bfs,109,224,94,266,True,26,19,15,4.3511250405572355
32,70,dijkstra,109,224,94,266,True,26,19,15,3.430749988183379
32,70,gbfs,109,224,94,266,True,31,20,15,0.09641604265198112
32,70,astar,109,224,94,266,True,26,19,15,0.9409579797647893
32,71,dfs,1017,720,146,248,True,146,88,65,7.016332994680852
32,71,bfs,1017,720,146,248,True,25,16,13,1.2713749893009663
32,71,dijkstra,1017,720,146,248,True,25,16,13,1.3223330024629831
32,71,gbfs,1017,720,146,248,True,26,17,13,0.08074997458606958
32,71,astar,1017,720,146,248,True,25,16,13,0.6324590067379177
32,72,dfs,900,635,82,221,True,82,52,39,12.311958009377122
32,72,bfs,900,635,82,221,True,53,30,27,9.270917042158544
32,72,dijkstra,900,635,82,221,True,49,32,27,6.696249998640269
32,72,gbfs,900,635,82,221,True,62,38,28,0.16779103316366673
32,72,astar,900,635,82,221,True,49,32,27,2.6746669900603592
32,73,dfs,130,1011,135,172,True,104,64,49,0.1879159826785326
32,73,bfs,130,1011,135,172,True,72,39,31,12.833708024118096
32,73,dijkstra,130,1011,135,172,True,59,39,32,12.72774999961257
32,73,gbfs,130,1011,135,172,True,64,41,32,0.20908302394673228
32,73,astar,130,1011,135,172,True,59,39,32,5.791334027890116
32,74,dfs,355,667,220,281,True,220,142,105,41.40895896125585
32,74,bfs,355,667,220,281,True,58,33,29,9.508417046163231
32,74,dijkstra,355,667,220,281,True,56,35,30,7.757791958283633
32,74,gbfs,355,667,220,281,True,69,38,30,0.1751669915392995
32,74,astar,355,667,220,281,True,56,35,30,4.56050003413111
32,75,dfs,172,338,179,523,True,179,109,82,77.51862501027063
32,75,bfs,172,338,179,523,True,17,11,9,0.930582988075912
32,75,dijkstra,172,338,179,523,True,17,11,9,0.8828749996609986
32,75,gbfs,172,338,179,523,True,19,13,9,0.05816703196614981
32,75,astar,172,338,179,523,True,17,11,9,0.34070899710059166
32,76,dfs,905,47,158,279,True,158,107,74,137.35675002681091
32,76,bfs,905,47,158,279,True,53,31,27,10.256666981149465
32,76,dijkstra,905,47,158,279,True,53,31,27,9.719582973048091
32,76,gbfs,905,47,158,279,True,56,33,28,0.17741700867190957
32,76,astar,905,47,158,279,True,53,31,27,4.949541005771607
32,77,dfs,683,840,128,186,True,127,74,57,19.52379202703014
32,77,bfs,683,840,128,186,True,9,6,5,0.45370799489319324
32,77,dijkstra,683,840,128,186,True,9,6,5,0.37920899922028184
32,77,gbfs,683,840,128,186,True,9,6,5,0.03479100996628404
32,77,astar,683,840,128,186,True,9,6,5,0.10966695845127106
32,78,dfs,654,329,112,302,True,112,72,54,81.96379197761416
32,78,bfs,654,329,112,302,True,22,16,10,1.9658749806694686
32,78,dijkstra,654,329,112,302,True,22,14,12,3.14250000519678
32,78,gbfs,654,329,112,302,True,22,16,10,0.06862496957182884
32,78,astar,654,329,112,302,True,22,14,12,0.7051249849610031
32,79,dfs,503,751,101,163,True,101,68,48,7.986249984242022
32,79,bfs,503,751,101,163,True,22,14,12,2.139582997187972
32,79,dijkstra,503,751,101,163,True,22,14,12,1.7597079859115183
32,79,gbfs,503,751,101,163,True,27,16,12,0.08087500464171171
32,79,astar,503,751,101,163,True,22,14,12,0.4779159789904952
32,80,dfs,865,475,133,338,True,133,91,65,3.992499958258122
32,80,bfs,865,475,133,338,True,63,42,33,16.759832971729338
32,80,dijkstra,865,475,133,338,True,59,46,34,12.32770801289007
32,80,gbfs,865,475,133,338,True,81,47,33,0.20462495740503073
32,80,astar,865,475,133,338,True,59,46,34,6.923749984707683
32,81,dfs,746,233,193,274,True,193,125,89,138.81433301139623
32,81,bfs,746,233,193,274,True,28,20,16,6.694291019812226
32,81,dijkstra,746,233,193,274,True,28,20,16,5.173249985091388
32,81,gbfs,746,233,193,274,True,40,26,17,0.10529201244935393
32,81,astar,746,233,193,274,True,28,20,16,1.246583997271955
32,82,dfs,483,338,101,141,True,101,77,54,41.679207992274314
32,82,bfs,483,338,101,141,True,37,23,18,4.875208018347621
32,82,dijkstra,483,338,101,141,True,37,23,18,4.7764580231159925
32,82,gbfs,483,338,101,141,True,42,24,18,0.11420802911743522
32,82,astar,483,338,101,141,True,37,23,18,2.06791702657938
32,83,dfs,433,930,191,384,True,189,118,85,0.4177499795332551
32,83,bfs,433,930,191,384,True,41,29,23,8.118958037812263
32,83,dijkstra,433,930,191,384,True,40,30,23,7.115458021871746
32,83,gbfs,433,930,191,384,True,52,35,23,0.1397079904563725
32,83,astar,433,930,191,384,True,40,30,23,2.003457979299128
32,84,dfs,155,194,251,414,True,251,166,123,1069.9761250289157
32,84,bfs,155,194,251,414,True,50,35,27,11.876583972480148
32,84,dijkstra,155,194,251,414,True,50,35,27,9.44616604829207
32,84,gbfs,155,194,251,414,True,65,39,29,0.16820902237668633
32,84,astar,155,194,251,414,True,50,35,27,3.3158750156871974
32,85,dfs,190,857,115,171,True,115,78,60,125.90762501349673
32,85,bfs,190,857,115,171,True,40,28,21,5.294458998832852
32,85,dijkstra,190,857,115,171,True,39,29,21,4.76345798233524
32,85,gbfs,190,857,115,171,True,42,33,22,0.12912502279505134
32,85,astar,190,857,115,171,True,39,29,21,1.9533330341801047
32,86,dfs,350,101,71,148,True,71,40,34,1.3769170036539435
32,86,bfs,350,101,71,148,True,55,32,29,11.24550000531599
32,86,dijkstra,350,101,71,148,True,52,38,30,10.201208002399653
32,86,gbfs,350,101,71,148,True,58,37,30,0.17866695998236537
32,86,astar,350,101,71,148,True,52,38,30,4.673667019233108
32,87,dfs,431,654,101,184,True,100,62,50,3.398332977667451
32,87,bfs,431,654,101,184,True,13,8,7,0.711583998054266
32,87,dijkstra,431,654,101,184,True,13,8,7,0.6762080010958016
32,87,gbfs,431,654,101,184,True,13,8,7,0.046874978579580784
32,87,astar,431,654,101,184,True,13,8,7,0.18812500638887286
32,88,dfs,312,635,165,434,True,165,103,76,106.91941698314622
32,88,bfs,312,635,165,434,True,18,13,10,1.8889170023612678
32,88,dijkstra,312,635,165,434,True,18,13,10,1.7121659475378692
32,88,gbfs,312,635,165,434,True,20,13,10,0.06433296948671341
32,88,astar,312,635,165,434,True,18,13,10,0.4723750171251595
32,89,dfs,993,530,84,172,True,84,54,41,7.061999989673495
32,89,bfs,993,530,84,172,True,46,31,25,5.224250024184585
32,89,dijkstra,993,530,84,172,True,46,31,25,3.861250006593764
32,89,gbfs,993,530,84,172,True,64,39,26,0.15066599007695913
32,89,astar,993,530,84,172,True,46,31,25,1.7462500254623592
32,90,dfs,909,807,116,195,True,116,78,53,27.818167000077665
32,90,bfs,909,807,116,195,True,14,11,8,0.6756250513717532
32,90,dijkstra,909,807,116,195,True,14,11,8,0.5314999725669622
32,90,gbfs,909,807,116,195,True,20,12,8,0.048667017836123705
32,90,astar,909,807,116,195,True,14,11,8,0.2015409991145134
32,91,dfs,690,172,85,197,True,85,61,42,15.096292016096413
32,91,bfs,690,172,85,197,True,35,19,16,4.059833998326212
32,91,dijkstra,690,172,85,197,True,34,20,17,5.154582962859422
32,91,gbfs,690,172,85,197,True,35,19,16,0.10499998461455107
32,91,astar,690,172,85,197,True,34,20,17,1.392750011291355
32,92,dfs,1015,834,171,438,True,171,110,82,69.71337500726804
32,92,bfs,1015,834,171,438,True,44,28,23,5.938208953011781
32,92,dijkstra,1015,834,171,438,True,44,28,23,4.810707992874086
32,92,gbfs,1015,834,171,438,True,56,34,24,0.1432910212315619
32,92,astar,1015,834,171,438,True,44,28,23,1.6876670415513217
32,93,dfs,186,80,190,248,True,190,120,94,958.2431250018999
32,93,bfs,186,80,190,248,True,21,12,11,1.2572080013342202
32,93,dijkstra,186,80,190,248,True,20,13,11,1.1732910061255097
32,93,gbfs,186,80,190,248,True,24,12,11,0.0687920255586505
32,93,astar,186,80,190,248,True,20,13,11,0.45366701669991016
32,94,dfs,433,639,203,359,True,203,123,90,1.9965830142609775
32,94,bfs,433,639,203,359,True,32,23,17,6.897416024003178
32,94,dijkstra,433,639,203,359,True,32,23,17,5.676499975379556
32,94,gbfs,433,639,203,359,True,39,25,17,0.1040829811245203
32,94,astar,433,639,203,359,True,32,23,17,1.2083749752491713
32,95,dfs,284,651,200,265,True,200,132,91,0.5059169488959014
32,95,bfs,284,651,200,265,True,44,32,23,9.692125022411346
32,95,dijkstra,284,651,200,265,True,40,36,24,7.283749990165234
32,95,gbfs,284,651,200,265,True,51,36,24,0.1437920145690441
32,95,astar,284,651,200,265,True,40,36,24,3.913792024832219
32,96,dfs,562,615,158,169,True,26,15,12,0.059958023484796286
32,96,bfs,562,615,158,169,True,24,15,12,3.068333026021719
32,96,dijkstra,562,615,158,169,True,24,15,12,2.793708990793675
32,96,gbfs,562,615,158,169,True,30,18,12,0.079624995123595
32,96,astar,562,615,158,169,True,24,15,12,0.5711670382879674
32,97,dfs,52,979,113,321,True,113,76,56,92.30337495682761
32,97,bfs,52,979,113,321,True,55,37,29,16.371833975426853
32,97,dijkstra,52,979,113,321,True,53,39,29,13.020832964684814
32,97,gbfs,52,979,113,321,True,67,41,29,0.17595902318134904
32,97,astar,52,979,113,321,True,53,39,29,5.952916981186718
32,98,dfs,834,81,155,397,True,155,107,77,105.84483301499858
32,98,bfs,834,81,155,397,True,55,37,28,9.750417026225477
32,98,dijkstra,834,81,155,397,True,54,39,29,9.641791984904557
32,98,gbfs,834,81,155,397,True,69,38,29,0.18433399964123964
32,98,astar,834,81,155,397,True,54,39,29,4.457250004634261
32,99,dfs,339,524,167,284,True,167,114,80,20.51174995722249
32,99,bfs,339,524,167,284,True,18,15,10,2.11441598366946
32,99,dijkstra,339,524,167,284,True,18,15,10,1.85870798304677
32,99,gbfs,339,524,167,284,True,18,15,10,0.06449996726587415
32,99,astar,339,524,167,284,True,18,15,10,0.5342079675756395
32,100,dfs,208,75,101,190,True,101,64,46,189.3967500072904
32,100,bfs,208,75,101,190,True,13,9,7,0.5742089706473053
32,100,dijkstra,208,75,101,190,True,13,9,7,0.5018339725211263
32,100,gbfs,208,75,101,190,True,13,9,7,0.0512079568579793
32,100,astar,208,75,101,190,True,13,9,7,0.18216599710285664
32,101,dfs,904,735,212,469,True,212,136,101,180.97316700732335
32,101,bfs,904,735,212,469,True,55,30,26,11.26529200701043
32,101,dijkstra,904,735,212,469,True,50,34,27,10.377667029388249
32,101,gbfs,904,735,212,469,True,67,41,27,0.17133296933025122
32,101,astar,904,735,212,469,True,50,34,27,3.632624982856214
32,102,dfs,717,512,101,242,True,101,69,48,265.73195803212
32,102,bfs,717,512,101,242,True,32,19,16,6.883749971166253
32,102,dijkstra,717,512,101,242,True,26,24,16,5.030667001847178
32,102,gbfs,717,512,101,242,True,38,22,17,0.10716699762269855
32,102,astar,717,512,101,242,True,26,24,16,1.3603749684989452
32,103,dfs,439,371,246,624,True,50,34,22,0.10191596811637282
32,103,bfs,439,371,246,624,True,9,6,5,0.25504198856651783
32,103,dijkstra,439,371,246,624,True,9,6,5,0.29666704358533025
32,103,gbfs,439,371,246,624,True,12,7,5,0.031832954846322536
32,103,astar,439,371,246,624,True,9,6,5,0.09595800656825304
32,104,dfs,795,946,69,73,True,69,48,36,8.912041026633233
32,104,bfs,795,946,69,73,True,23,15,12,1.97404099162668
32,104,dijkstra,795,946,69,73,True,21,17,12,1.7179999849759042
32,104,gbfs,795,946,69,73,True,32,19,12,0.08041702676564455
32,104,astar,795,946,69,73,True,21,17,12,0.5937920068390667
32,105,dfs,936,637,215,216,True,213,125,93,0.7270000060088933
32,105,bfs,936,637,215,216,True,48,31,26,8.325833012349904
32,105,dijkstra,936,637,215,216,True,47,33,26,6.801125011406839
32,105,gbfs,936,637,215,216,True,54,33,26,0.1626670127734542
32,105,astar,936,637,215,216,True,47,33,26,2.021417021751404
32,106,dfs,29,331,245,656,True,245,170,118,71.88974996097386
32,106,bfs,29,331,245,656,True,44,27,23,3.2125830184668303
32,106,dijkstra,29,331,245,656,True,43,29,23,2.694082970265299
32,106,gbfs,29,331,245,656,True,60,34,24,0.15066697960719466
32,106,astar,29,331,245,656,True,43,29,23,1.3843750348314643
32,107,dfs,90,581,127,322,True,127,77,56,1.7470000311732292
32,107,bfs,90,581,127,322,True,55,39,29,12.989957991521806
32,107,dijkstra,90,581,127,322,True,54,42,30,11.1708749900572
32,107,gbfs,90,581,127,322,True,61,39,30,0.17691601533442736
32,107,astar,90,581,127,322,True,54,42,30,4.826417018193752
32,108,dfs,581,416,97,117,True,97,58,44,79.38570796977729
32,108,bfs,581,416,97,117,True,18,9,8,0.9945419733412564
32,108,dijkstra,581,416,97,117,True,18,9,8,1.0409579845145345
32,108,gbfs,581,416,97,117,True,18,9,8,0.049291993491351604
32,108,astar,581,416,97,117,True,18,9,8,0.2963750157505274
32,109,dfs,536,728,135,251,True,135,93,66,22.441582987084985
32,109,bfs,536,728,135,251,True,11,9,6,0.644958985503763
32,109,dijkstra,536,728,135,251,True,11,9,6,0.5744589725509286
32,109,gbfs,536,728,135,251,True,11,9,6,0.0463749747723341
32,109,astar,536,728,135,251,True,11,9,6,0.18358399393036962
32,110,dfs,218,479,163,489,True,163,110,78,3.08158400002867
32,110,bfs,218,479,163,489,True,18,9,9,0.9193329606205225
32,110,dijkstra,218,479,163,489,True,18,9,9,1.168792019598186
32,110,gbfs,218,479,163,489,True,19,10,9,0.06175000453367829
32,110,astar,218,479,163,489,True,18,9,9,0.4551250021904707
32,111,dfs,955,3,118,325,True,118,75,58,101.90220799995586
32,111,bfs,955,3,118,325,True,74,46,38,11.272291012573987
32,111,dijkstra,955,3,118,325,True,71,49,38,10.561709001194686
32,111,gbfs,955,3,118,325,True,84,51,38,0.26300002355128527
32,111,astar,955,3,118,325,True,71,49,38,7.429957971908152
32,112,dfs,62,169,187,526,True,187,126,89,55.175541958305985
32,112,bfs,62,169,187,526,True,48,30,23,7.244749984238297
32,112,dijkstra,62,169,187,526,True,45,32,23,6.548499979544431
32,112,gbfs,62,169,187,526,True,48,31,23,0.14387501869350672
32,112,astar,62,169,187,526,True,45,32,23,2.7370830066502094
32,113,dfs,280,471,71,75,True,71,47,35,37.07937500439584
32,113,bfs,280,471,71,75,True,10,8,6,0.5385829717852175
32,113,dijkstra,280,471,71,75,True,9,9,6,0.33654196886345744
32,113,gbfs,280,471,71,75,True,15,9,6,0.04125002305954695
32,113,astar,280,471,71,75,True,9,9,6,0.11129199992865324
32,114,dfs,715,330,125,285,True,125,86,63,43.42674999497831
32,114,bfs,715,330,125,285,True,25,14,12,2.501583017874509
32,114,dijkstra,715,330,125,285,True,24,15,12,2.8359590214677155
32,114,gbfs,715,330,125,285,True,27,16,12,0.07908401312306523
32,114,astar,715,330,125,285,True,24,15,12,0.8805000106804073
32,115,dfs,787,548,136,281,True,136,81,64,227.68520895624533
32,115,bfs,787,548,136,281,True,38,24,19,6.248666031751782
32,115,dijkstra,787,548,136,281,True,38,24,19,5.527834000531584
32,115,gbfs,787,548,136,281,True,47,27,19,0.1252090441994369
32,115,astar,787,548,136,281,True,38,24,19,2.111207984853536
32,116,dfs,281,667,254,321,True,254,158,115,2.533791004680097
32,116,bfs,281,667,254,321,True,23,13,12,1.700500026345253
32,116,dijkstra,281,667,254,321,True,21,15,12,1.559666998218745
32,116,gbfs,281,667,254,321,True,24,15,12,0.07391703547909856
32,116,astar,281,667,254,321,True,21,15,12,0.6429170025512576
32,117,dfs,273,142,125,340,True,125,81,59,195.5204579862766
32,117,bfs,273,142,125,340,True,10,5,5,0.33487495966255665
32,117,dijkstra,273,142,125,340,True,9,6,5,0.33850001636892557
32,117,gbfs,273,142,125,340,True,10,5,5,0.04008301766589284
32,117,astar,273,142,125,340,True,9,6,5,0.1305420300923288
32,118,dfs,557,284,246,296,True,246,152,117,21.434249996673316
32,118,bfs,557,284,246,296,True,40,24,20,9.327957988716662
32,118,dijkstra,557,284,246,296,True,40,24,20,8.609124983195215
32,118,gbfs,557,284,246,296,True,47,30,22,0.16679201507940888
32,118,astar,557,284,246,296,True,40,24,20,2.752290980424732
32,119,dfs,406,883,137,356,True,137,86,62,0.5177920102141798
32,119,bfs,406,883,137,356,True,26,19,15,4.690666974056512
32,119,dijkstra,406,883,137,356,True,25,20,15,3.6416249931789935
32,119,gbfs,406,883,137,356,True,34,22,16,0.10008300887420774
32,119,astar,406,883,137,356,True,25,20,15,0.960665987804532
32,120,dfs,680,258,195,356,True,195,122,90,95.50370898796245
32,120,bfs,680,258,195,356,True,25,18,13,2.6144590228796005
32,120,dijkstra,680,258,195,356,True,24,20,14,2.787208999507129
32,120,gbfs,680,258,195,356,True,25,18,13,0.08616701234132051
32,120,astar,680,258,195,356,True,24,20,14,0.9253330063074827
32,121,dfs,384,968,86,131,True,65,46,29,2.6290840469300747
32,121,bfs,384,968,86,131,True,39,26,18,4.228042031172663
32,121,dijkstra,384,968,86,131,True,38,28,19,4.748124978505075
32,121,gbfs,384,968,86,131,True,39,26,18,0.11591700604185462
32,121,astar,384,968,86,131,True,38,28,19,1.7546250019222498
32,122,dfs,577,434,194,230,True,194,127,87,4.331749980337918
32,122,bfs,577,434,194,230,True,36,24,19,3.61258297925815
32,122,dijkstra,577,434,194,230,True,36,24,19,3.1405420158989727
32,122,gbfs,577,434,194,230,True,41,23,19,0.11275004362687469
32,122,astar,577,434,194,230,True,36,24,19,1.2645840179175138
32,123,dfs,767,617,77,145,True,76,43,36,1.8652920261956751
32,123,bfs,767,617,77,145,True,46,30,24,7.094417000189424
32,123,dijkstra,767,617,77,145,True,46,30,24,6.872583995573223
32,123,gbfs,767,617,77,145,True,53,29,25,0.15270902076736093
32,123,astar,767,617,77,145,True,46,30,24,2.58883397327736
32,124,dfs,868,9,135,348,True,135,95,68,225.00558296451345
32,124,bfs,868,9,135,348,True,51,33,27,13.993916974868625
32,124,dijkstra,868,9,135,348,True,50,35,28,10.565500007942319
32,124,gbfs,868,9,135,348,True,61,35,28,0.17020897939801216
32,124,astar,868,9,135,348,True,50,35,28,4.113250004593283
32,125,dfs,228,521,126,204,True,126,90,62,20.578416995704174
32,125,bfs,228,521,126,204,True,22,13,10,1.059875008650124
32,125,dijkstra,228,521,126,204,True,21,13,11,1.2059169821441174
32,125,gbfs,228,521,126,204,True,26,14,10,0.06408401532098651
32,125,astar,228,521,126,204,True,21,13,11,0.45845803106203675
32,126,dfs,371,16,210,336,True,210,138,97,241.39766598818824
32,126,bfs,371,16,210,336,True,23,13,11,2.084125007968396
32,126,dijkstra,371,16,210,336,True,22,14,11,2.481792005710304
32,126,gbfs,371,16,210,336,True,25,18,12,0.07620797259733081
32,126,astar,371,16,210,336,True,22,14,11,0.7377080037258565
32,127,dfs,606,295,75,100,True,75,51,37,5.248458008281887
32,127,bfs,606,295,75,100,True,54,33,28,12.547000020276755
32,127,dijkstra,606,295,75,100,True,51,38,29,11.473459016997367
32,127,gbfs,606,295,75,100,True,71,42,30,0.18095801351591945
32,127,astar,606,295,75,100,True,51,38,29,5.970917001832277
32,128,dfs,131,519,124,205,True,124,79,60,11.299250007141382
32,128,bfs,131,519,124,205,True,26,15,13,1.2181670172140002
32,128,dijkstra,131,519,124,205,True,24,16,13,1.0692079667933285
32,128,gbfs,131,519,124,205,True,29,16,13,0.08495798101648688
32,128,astar,131,519,124,205,True,24,16,13,0.6289579905569553
32,129,dfs,905,403,214,633,True,214,137,103,8.583290968090296
32,129,bfs,905,403,214,633,True,35,23,18,3.486458968836814
32,129,dijkstra,905,403,214,633,True,34,24,19,3.3522919984534383
32,129,gbfs,905,403,214,633,True,35,23,18,0.10387500515207648
32,129,astar,905,403,214,633,True,34,24,19,1.2408749898895621
32,130,dfs,72,145,197,319,True,197,124,97,127.50112498179078
32,130,bfs,72,145,197,319,True,22,13,10,0.8932920172810555
32,130,dijkstra,72,145,197,319,True,21,15,11,0.9915839764289558
32,130,gbfs,72,145,197,319,True,28,17,10,0.06595900049433112
32,130,astar,72,145,197,319,True,21,15,11,0.3742080298252404
32,131,dfs,165,1006,144,195,True,96,65,45,0.17691601533442736
32,131,bfs,165,1006,144,195,True,55,34,27,13.843915949109942
32,131,dijkstra,165,1006,144,195,True,53,39,28,10.505124984774739
32,131,gbfs,165,1006,144,195,True,66,36,28,0.16308296471834183
32,131,astar,165,1006,144,195,True,53,39,28,4.7354589914903045
32,132,dfs,509,206,169,231,True,169,108,78,582.5884999940172
32,132,bfs,509,206,169,231,True,35,26,19,6.404707964975387
32,132,dijkstra,509,206,169,231,True,35,26,19,5.740499997045845
32,132,gbfs,509,206,169,231,True,43,26,19,0.1254579983651638
32,132,astar,509,206,169,231,True,35,26,19,2.0840829820372164
32,133,dfs,97,514,190,545,True,190,122,92,152.29754202300683
32,133,bfs,97,514,190,545,True,27,17,13,1.5354999923147261
32,133,dijkstra,97,514,190,545,True,27,17,13,1.4954999787732959
32,133,gbfs,97,514,190,545,True,31,20,13,0.09162497008219361
32,133,astar,97,514,190,545,True,27,17,13,0.6989589892327785
32,134,dfs,29,202,187,200,True,187,128,89,71.1499159806408
32,134,bfs,29,202,187,200,True,45,25,22,4.737916984595358
32,134,dijkstra,29,202,187,200,True,41,30,22,3.9052499923855066
32,134,gbfs,29,202,187,200,True,49,29,24,0.15316600911319256
32,134,astar,29,202,187,200,True,41,30,22,1.5702499658800662
32,135,dfs,401,773,235,385,True,233,154,103,0.47745800111442804
32,135,bfs,401,773,235,385,True,39,22,18,8.842624956741929
32,135,dijkstra,401,773,235,385,True,37,21,19,6.581916997674853
32,135,gbfs,401,773,235,385,True,44,26,18,0.1140419626608491
32,135,astar,401,773,235,385,True,37,21,19,1.7179170390591025
32,136,dfs,693,524,211,427,True,211,133,95,27.509249979630113
32,136,bfs,693,524,211,427,True,20,14,11,2.5220829993486404
32,136,dijkstra,693,524,211,427,True,20,14,11,2.0662500173784792
32,136,gbfs,693,524,211,427,True,26,17,11,0.07154198829084635
32,136,astar,693,524,211,427,True,20,14,11,0.49704202683642507
32,137,dfs,763,462,82,171,True,82,49,37,20.938541973009706
32,137,bfs,763,462,82,171,True,31,22,17,3.831666021142155
32,137,dijkstra,763,462,82,171,True,30,23,17,3.101999987848103
32,137,gbfs,763,462,82,171,True,41,26,19,0.11554203229025006
32,137,astar,763,462,82,171,True,30,23,17,1.360666996333748
32,138,dfs,963,308,113,333,True,113,84,56,57.502249954268336
32,138,bfs,963,308,113,333,True,61,37,27,9.497499966528267
32,138,dijkstra,963,308,113,333,True,51,42,29,8.708500012289733
32,138,gbfs,963,308,113,333,True,64,40,27,0.15854096272960305
32,138,astar,963,308,113,333,True,51,42,29,3.8429159903898835
32,139,dfs,850,536,64,65,True,64,47,34,47.323083970695734
32,139,bfs,850,536,64,65,True,24,13,11,1.623875054065138
32,139,dijkstra,850,536,64,65,True,23,14,12,1.990791002754122
32,139,gbfs,850,536,64,65,True,26,14,11,0.07504102541133761
32,139,astar,850,536,64,65,True,23,14,12,0.6789159961044788
32,140,dfs,694,841,88,101,True,88,58,41,11.12862501759082
32,140,bfs,694,841,88,101,True,29,16,15,3.351084014866501
32,140,dijkstra,694,841,88,101,True,27,19,15,2.6062920223921537
32,140,gbfs,694,841,88,101,True,31,20,15,0.09508297080174088
32,140,astar,694,841,88,101,True,27,19,15,0.7094580214470625
32,141,dfs,367,789,196,489,True,196,130,99,5.117250024341047
32,141,bfs,367,789,196,489,True,33,21,13,3.635416040197015
32,141,dijkstra,367,789,196,489,True,26,23,15,3.8497920031659305
32,141,gbfs,367,789,196,489,True,33,21,13,0.08429097943007946
32,141,astar,367,789,196,489,True,26,23,15,1.1085420264862478
